file_path,change_count
build_tools/github/pylatest_conda_forge_cuda_array-api_linux-64_conda.lock,24
build_tools/github/pylatest_free_threaded_linux-64_conda.lock,20
build_tools/github/pylatest_pip_scipy_dev_linux-64_conda.lock,18
sklearn/linear_model/tests/test_logistic.py,18
sklearn/utils/_array_api.py,17
build_tools/circle/doc_linux-64_conda.lock,17
build_tools/circle/doc_min_dependencies_linux-64_conda.lock,17
build_tools/github/pymin_conda_forge_openblas_win-64_conda.lock,17
build_tools/github/pylatest_conda_forge_mkl_linux-64_conda.lock,16
build_tools/github/pylatest_conda_forge_osx-arm64_conda.lock,16
build_tools/github/pymin_conda_forge_arm_linux-aarch64_conda.lock,16
build_tools/github/pymin_conda_forge_openblas_min_dependencies_linux-64_conda.lock,16
build_tools/github/pymin_conda_forge_openblas_ubuntu_2204_linux-64_conda.lock,16
sklearn/metrics/tests/test_common.py,16
build_tools/github/debian_32bit_lock.txt,15
build_tools/github/pylatest_conda_forge_mkl_no_openmp_osx-64_conda.lock,15
build_tools/github/pylatest_pip_openblas_pandas_linux-64_conda.lock,15
sklearn/linear_model/_logistic.py,15
sklearn/utils/_testing.py,12
sklearn/utils/tests/test_validation.py,12
sklearn/utils/tests/test_array_api.py,11
doc/modules/array_api.rst,11
build_tools/update_environments_and_lock_files.py,11
pyproject.toml,11
sklearn/tests/test_pipeline.py,11
sklearn/linear_model/_glm/tests/test_glm.py,11
sklearn/model_selection/tests/test_validation.py,11
sklearn/utils/validation.py,11
build_tools/github/ubuntu_atlas_lock.txt,10
sklearn/linear_model/_ridge.py,10
sklearn/tree/_classes.py,10
sklearn/utils/_test_common/instance_generator.py,10
sklearn/utils/estimator_checks.py,10
sklearn/metrics/_classification.py,10
sklearn/_min_dependencies.py,9
sklearn/model_selection/tests/test_search.py,9
sklearn/utils/extmath.py,8
sklearn/metrics/_ranking.py,8
doc/developers/contributing.rst,8
build_tools/github/lint_lock.txt,8
.pre-commit-config.yaml,7
sklearn/preprocessing/tests/test_data.py,7
sklearn/linear_model/_coordinate_descent.py,7
sklearn/linear_model/tests/test_coordinate_descent.py,7
sklearn/model_selection/tests/test_split.py,7
sklearn/metrics/tests/test_classification.py,7
sklearn/tests/test_calibration.py,7
sklearn/utils/tests/test_indexing.py,7
sklearn/tree/_partitioner.pyx,6
sklearn/tree/tests/test_tree.py,6
.github/workflows/lint.yml,6
sklearn/_loss/tests/test_loss.py,6
sklearn/tests/test_metadata_routing.py,6
sklearn/utils/_metadata_requests.py,6
sklearn/linear_model/_glm/glm.py,6
sklearn/model_selection/_validation.py,6
README.rst,6
.github/workflows/update-lock-files.yml,5
sklearn/callback/_callback_context.py,5
.github/PULL_REQUEST_TEMPLATE.md,5
sklearn/datasets/_base.py,5
sklearn/tree/_tree.pyx,5
.github/workflows/wheels.yml,5
build_tools/get_comment.py,5
build_tools/github/lint_requirements.txt,5
sklearn/utils/_set_output.py,5
sklearn/tests/test_docstring_parameters.py,5
sklearn/utils/_encode.py,5
sklearn/linear_model/_glm/_newton_solver.py,5
sklearn/preprocessing/_label.py,5
sklearn/linear_model/_cd_fast.pyx,5
build_tools/circle/doc_environment.yml,5
build_tools/github/pylatest_conda_forge_osx-arm64_environment.yml,5
.github/workflows/unit-tests.yml,5
sklearn/linear_model/tests/test_ridge.py,5
sklearn/metrics/pairwise.py,5
doc/conf.py,5
sklearn/metrics/tests/test_pairwise.py,5
sklearn/pipeline.py,5
sklearn/preprocessing/_data.py,4
sklearn/metrics/tests/test_ranking.py,4
sklearn/tree/_partitioner.pxd,4
sklearn/tree/_utils.pxd,4
sklearn/callback/_progressbar.py,4
sklearn/metrics/cluster/_supervised.py,4
build_tools/github/pymin_conda_forge_openblas_environment.yml,4
sklearn/model_selection/_search_successive_halving.py,4
sklearn/callback/tests/test_callback_context.py,4
sklearn/neighbors/tests/test_neighbors.py,4
sklearn/inspection/_plot/decision_boundary.py,4
.github/workflows/welcome-first-time-contributor.yml,4
sklearn/linear_model/tests/test_base.py,4
sklearn/neighbors/_binary_tree.pxi.tp,4
build_tools/github/pylatest_conda_forge_mkl_linux-64_environment.yml,4
build_tools/github/pylatest_conda_forge_mkl_no_openmp_environment.yml,4
build_tools/github/pylatest_pip_openblas_pandas_environment.yml,4
build_tools/github/pymin_conda_forge_openblas_ubuntu_2204_environment.yml,4
build_tools/github/pylatest_conda_forge_cuda_array-api_linux-64_environment.yml,4
sklearn/ensemble/_gb.py,4
sklearn/decomposition/tests/test_pca.py,4
sklearn/utils/tests/test_extmath.py,4
sklearn/utils/tests/test_multiclass.py,4
sklearn/utils/tests/test_stats.py,4
sklearn/calibration.py,4
sklearn/linear_model/_base.py,4
sklearn/linear_model/_linear_loss.py,4
sklearn/ensemble/tests/test_gradient_boosting.py,4
sklearn/utils/_repr_html/tests/test_features.py,4
sklearn/ensemble/_forest.py,4
sklearn/metrics/_scorer.py,4
build_tools/circle/doc_min_dependencies_environment.yml,4
sklearn/tests/test_metaestimators_metadata_routing.py,4
sklearn/inspection/_plot/tests/test_boundary_decision_display.py,4
sklearn/inspection/tests/test_permutation_importance.py,4
sklearn/base.py,4
sklearn/tests/test_base.py,4
sklearn/tree/_criterion.pyx,4
maint_tools/vendor_array_api_extra.sh,3
sklearn/externals/array_api_extra/__init__.py,3
sklearn/externals/array_api_extra/_delegation.py,3
sklearn/externals/array_api_extra/_lib/_funcs.py,3
sklearn/callback/tests/test_scoring_monitor.py,3
sklearn/callback/_scoring_monitor.py,3
sklearn/callback/tests/test_pickle.py,3
sklearn/tree/_splitter.pyx,3
sklearn/tree/_tree.pxd,3
sklearn/tree/_utils.pyx,3
sklearn/tree/tests/test_split.py,3
doc/institutional_support.rst,3
doc/templates/index.html,3
sklearn/preprocessing/_target_encoder.py,3
build_tools/linting.sh,3
doc/whats_new/upcoming_changes/sklearn.tree/33354.major-feature.rst,3
sklearn/callback/tests/test_callback_support.py,3
sklearn/covariance/_shrunk_covariance.py,3
sklearn/covariance/tests/test_covariance.py,3
sklearn/discriminant_analysis.py,3
sklearn/mixture/_gaussian_mixture.py,3
doc/api_reference.py,3
doc/developers/maintainer.rst.template,3
sklearn/datasets/_openml.py,3
doc/computing/parallelism.rst,3
sklearn/preprocessing/tests/test_encoders.py,3
sklearn/preprocessing/tests/test_polynomial.py,3
sklearn/neighbors/tests/test_kd_tree.py,3
build_tools/github/debian_32bit_requirements.txt,3
build_tools/github/pymin_conda_forge_arm_environment.yml,3
build_tools/github/pylatest_free_threaded_environment.yml,3
build_tools/github/install.sh,3
.github/workflows/emscripten.yml,3
sklearn/utils/meson.build,3
sklearn/ensemble/_hist_gradient_boosting/gradient_boosting.py,3
sklearn/mixture/tests/test_gaussian_mixture.py,3
sklearn/tests/test_kernel_approximation.py,3
sklearn/tests/test_naive_bayes.py,3
sklearn/preprocessing/tests/test_label.py,3
sklearn/utils/_indexing.py,3
sklearn/utils/_bitset.pxd,3
sklearn/utils/_bitset.pyx,3
doc/developers/callback_support.rst,3
doc/modules/tree.rst,3
sklearn/inspection/tests/test_partial_dependence.py,3
doc/scss/custom.scss,3
sklearn/ensemble/_voting.py,3
sklearn/ensemble/tests/test_stacking.py,3
sklearn/model_selection/_classification_threshold.py,3
sklearn/tests/test_common.py,3
examples/tree/plot_iris_dtc.py,3
sklearn/datasets/tests/test_openml.py,3
examples/neighbors/plot_classification.py,3
sklearn/compose/_column_transformer.py,3
sklearn/compose/_target.py,3
doc/whats_new/upcoming_changes/sklearn.linear_model/33918.fix.rst,3
doc/whats_new/upcoming_changes/sklearn.manifold/33262.efficiency.rst,3
doc/whats_new/upcoming_changes/sklearn.metrics/33876.fix.rst,3
doc/whats_new/upcoming_changes/sklearn.utils/33086.api.rst,3
doc/whats_new/upcoming_changes/sklearn.utils/33491.fix.rst,3
doc/callbacks.rst,3
sklearn/preprocessing/_function_transformer.py,3
sklearn/__init__.py,3
build_tools/github/pymin_conda_forge_openblas_min_dependencies_environment.yml,3
sklearn/utils/tests/test_sorting.py,3
sklearn/compose/tests/test_column_transformer.py,3
sklearn/inspection/_plot/tests/test_plot_partial_dependence.py,3
sklearn/externals/array_api_extra/_lib/_testing.py,2
sklearn/externals/array_api_extra/_lib/_utils/_typing.py,2
sklearn/callback/tests/_common/callbacks.py,2
sklearn/tree/_splitter.pxd,2
.github/scripts/first-time-contributor.py,2
sklearn/metrics/cluster/tests/test_supervised.py,2
build_tools/circle/list_versions.py,2
sklearn/cluster/_spectral.py,2
sklearn/datasets/_lfw.py,2
sklearn/decomposition/_nmf.py,2
.github/workflows/codespell.yml,2
.circleci/config.yml,2
doc/whats_new/upcoming_changes/sklearn.cluster/34399.fix.rst,2
doc/whats_new/upcoming_changes/sklearn.discriminant_analysis/33626.fix.rst,2
doc/whats_new/upcoming_changes/sklearn.svm/34273.fix.rst,2
sklearn/callback/tests/test_progressbar.py,2
sklearn/decomposition/_base.py,2
doc/modules/clustering.rst,2
sklearn/externals/array_api_extra/_lib/_at.py,2
sklearn/externals/array_api_extra/_lib/_lazy.py,2
sklearn/externals/array_api_extra/_lib/_utils/_helpers.py,2
sklearn/externals/array_api_extra/testing.py,2
sklearn/datasets/_arff_parser.py,2
sklearn/mixture/_bayesian_mixture.py,2
.github/ISSUE_TEMPLATE/bug_report.yml,2
doc/developers/development_setup.rst,2
sklearn/cluster/_agglomerative.py,2
sklearn/covariance/_graph_lasso.py,2
sklearn/linear_model/_least_angle.py,2
sklearn/model_selection/_split.py,2
sklearn/svm/tests/test_svm.py,2
doc/whats_new/upcoming_changes/sklearn.linear_model/34523.major-feature.rst,2
sklearn/preprocessing/_encoders.py,2
sklearn/utils/tests/test_encode.py,2
sklearn/feature_extraction/tests/test_text.py,2
doc/whats_new/upcoming_changes/sklearn.neighbors/34187.efficiency.rst,2
sklearn/linear_model/_omp.py,2
doc/modules/calibration.rst,2
doc/computing/computational_performance.rst,2
doc/developers/index.rst,2
sklearn/conftest.py,2
sklearn/callback/_callback_support.py,2
sklearn/callback/tests/_utils.py,2
sklearn/covariance/_empirical_covariance.py,2
sklearn/decomposition/_pca.py,2
sklearn/metrics/_regression.py,2
sklearn/naive_bayes.py,2
sklearn/utils/class_weight.py,2
sklearn/utils/_repr_html/features.py,2
doc/developers/develop.rst,2
doc/modules/ensemble.rst,2
sklearn/metrics/tests/test_regression.py,2
sklearn/svm/src/liblinear/linear.cpp,2
doc/modules/linear_model.rst,2
maint_tools/bump-dependencies-versions.py,2
sklearn/utils/optimize.py,2
sklearn/utils/tests/test_optimize.py,2
sklearn/ensemble/_hist_gradient_boosting/binning.py,2
sklearn/ensemble/_hist_gradient_boosting/tests/test_binning.py,2
sklearn/compose/tests/test_target.py,2
.github/workflows/cuda-ci.yml,2
.github/workflows/labeler-title-regex.yml,2
.github/workflows/publish_pypi.yml,2
sklearn/ensemble/_hist_gradient_boosting/splitting.pyx,2
doc/whats_new/upcoming_changes/sklearn.linear_model/33759.enhancement.rst,2
doc/modules/model_evaluation.rst,2
examples/miscellaneous/plot_display_object_visualization.py,2
examples/release_highlights/plot_release_highlights_1_9_0.py,2
sklearn/metrics/tests/test_score_objects.py,2
sklearn/multioutput.py,2
sklearn/utils/_repr_html/tests/test_estimator.py,2
sklearn/tree/_export.py,2
sklearn/tree/tests/test_export.py,2
sklearn/ensemble/_hist_gradient_boosting/tests/test_gradient_boosting.py,2
sklearn/linear_model/tests/test_least_angle.py,2
sklearn/utils/fixes.py,2
doc/glossary.rst,2
doc/whats_new/v1.10.rst,2
doc/whats_new/v1.9.rst,2
sklearn/impute/tests/test_impute.py,2
sklearn/tests/test_docstrings.py,2
sklearn/tests/test_build.py,2
sklearn/tests/metadata_routing_common.py,2
examples/neighbors/plot_nca_classification.py,2
examples/neighbors/plot_nearest_centroid.py,2
examples/preprocessing/plot_scaling_importance.py,2
examples/svm/plot_custom_kernel.py,2
examples/svm/plot_iris_svc.py,2
sklearn/ensemble/_bagging.py,2
sklearn/linear_model/_ransac.py,2
sklearn/model_selection/_search.py,2
doc/whats_new/upcoming_changes/array-api/29661.enhancement.rst,2
doc/whats_new/upcoming_changes/array-api/32909.feature.rst,2
doc/whats_new/upcoming_changes/array-api/32985.feature.rst,2
doc/whats_new/upcoming_changes/array-api/33020.enhancement.rst,2
doc/whats_new/upcoming_changes/array-api/33873.fix.rst,2
doc/whats_new/upcoming_changes/array-api/33898.fix.rst,2
doc/whats_new/upcoming_changes/array-api/34004.fix.rst,2
doc/whats_new/upcoming_changes/array-api/34065.fix.rst,2
doc/whats_new/upcoming_changes/array-api/34144.fix.rst,2
doc/whats_new/upcoming_changes/callback/33322.major-feature.rst,2
doc/whats_new/upcoming_changes/many-modules/31127.enhancement.rst,2
doc/whats_new/upcoming_changes/many-modules/31177.major-feature.rst,2
doc/whats_new/upcoming_changes/many-modules/32888.enhancement.rst,2
doc/whats_new/upcoming_changes/many-modules/33126.enhancement.rst,2
doc/whats_new/upcoming_changes/metadata-routing/30859.fix.rst,2
doc/whats_new/upcoming_changes/metadata-routing/32111.fix.rst,2
doc/whats_new/upcoming_changes/metadata-routing/33827.fix.rst,2
doc/whats_new/upcoming_changes/metadata-routing/34039.fix.rst,2
doc/whats_new/upcoming_changes/sklearn.compose/32713.fix.rst,2
doc/whats_new/upcoming_changes/sklearn.datasets/33868.fix.rst,2
doc/whats_new/upcoming_changes/sklearn.ensemble/29641.fix.rst,2
doc/whats_new/upcoming_changes/sklearn.ensemble/32708.api.rst,2
doc/whats_new/upcoming_changes/sklearn.gaussian_process/33067.efficiency.rst,2
doc/whats_new/upcoming_changes/sklearn.inspection/33709.enhancement.rst,2
doc/whats_new/upcoming_changes/sklearn.linear_model/30859.api.rst,2
doc/whats_new/upcoming_changes/sklearn.linear_model/32768.fix.rst,2
doc/whats_new/upcoming_changes/sklearn.linear_model/33014.fix.rst,2
doc/whats_new/upcoming_changes/sklearn.linear_model/33020.fix.rst,2
doc/whats_new/upcoming_changes/sklearn.linear_model/33168.fix.rst,2
doc/whats_new/upcoming_changes/sklearn.linear_model/33441.fix.rst,2
doc/whats_new/upcoming_changes/sklearn.linear_model/33565.fix.rst,2
doc/whats_new/upcoming_changes/sklearn.linear_model/33855.api.rst,2
doc/whats_new/upcoming_changes/sklearn.linear_model/33902.fix.rst,2
doc/whats_new/upcoming_changes/sklearn.manifold/33318.fix.rst,2
doc/whats_new/upcoming_changes/sklearn.metrics/31172.enhancement.rst,2
doc/whats_new/upcoming_changes/sklearn.metrics/33086.fix.rst,2
doc/whats_new/upcoming_changes/sklearn.metrics/33252.fix.rst,2
doc/whats_new/upcoming_changes/sklearn.model_selection/28464.enhancement.rst,2
doc/whats_new/upcoming_changes/sklearn.model_selection/33473.fix.rst,2
doc/whats_new/upcoming_changes/sklearn.neighbors/33048.fix.rst,2
doc/whats_new/upcoming_changes/sklearn.neighbors/33252.fix.rst,2
doc/whats_new/upcoming_changes/sklearn.pipeline/32106.fix.rst,2
doc/whats_new/upcoming_changes/sklearn.svm/32212.fix.rst,2
doc/whats_new/upcoming_changes/sklearn.tree/27630.enhancement.rst,2
doc/whats_new/upcoming_changes/sklearn.tree/32119.feature.rst,2
doc/whats_new/upcoming_changes/sklearn.tree/32119.fix.rst,2
doc/whats_new/upcoming_changes/sklearn.tree/32193.fix.rst,2
doc/whats_new/upcoming_changes/sklearn.tree/32708.api.rst,2
doc/whats_new/upcoming_changes/sklearn.tree/33845.fix.rst,2
doc/whats_new/upcoming_changes/sklearn.utils/32565.enhancement.rst,2
doc/whats_new/upcoming_changes/sklearn.utils/32887.fix.rst,2
doc/whats_new/upcoming_changes/sklearn.utils/33127.fix.rst,2
doc/whats_new/upcoming_changes/sklearn.utils/33789.fix.rst,2
sklearn/callback/_transport.py,2
doc/developers/callbacks.rst,2
doc/developers/developing_callbacks.rst,2
sklearn/utils/multiclass.py,2
sklearn/utils/tests/test_dataframe.py,2
doc/whats_new/upcoming_changes/sklearn.pipeline/32853.fix.rst,2
asv_benchmarks/asv.conf.json,2
build_tools/github/ubuntu_atlas_requirements.txt,2
sklearn/utils/_sorting.pxd,2
sklearn/utils/_sorting.pyx,2
sklearn/ensemble/_hist_gradient_boosting/tests/test_monotonic_constraints.py,2
sklearn/inspection/tests/test_pd_utils.py,2
sklearn/preprocessing/tests/test_function_transformer.py,2
sklearn/linear_model/tests/test_bayes.py,2
examples/applications/{wikipedia_principal_eigenvector.py => plot_wikipedia_principal_eigenvector.py},1
doc/whats_new/upcoming_changes/sklearn.metrics/34817.enhancement.rst,1
sklearn/externals/array_api_extra/_agnostic/__init__.py,1
sklearn/externals/array_api_extra/_agnostic/_creation.py,1
sklearn/externals/array_api_extra/_agnostic/_elementwise.py,1
sklearn/externals/array_api_extra/_agnostic/_indexing.py,1
sklearn/externals/array_api_extra/_agnostic/_inspection.py,1
sklearn/externals/array_api_extra/_agnostic/_linalg.py,1
sklearn/externals/array_api_extra/_agnostic/_manipulation.py,1
sklearn/externals/array_api_extra/_agnostic/_searching.py,1
sklearn/externals/array_api_extra/_agnostic/_set.py,1
sklearn/externals/array_api_extra/_agnostic/_sorting.py,1
sklearn/externals/array_api_extra/_agnostic/_statistical.py,1
sklearn/externals/array_api_extra/{_lib => }/_at.py,1
sklearn/externals/array_api_extra/_creation.py,1
sklearn/externals/array_api_extra/_elementwise.py,1
sklearn/externals/array_api_extra/_indexing.py,1
sklearn/externals/array_api_extra/{_lib => }/_lazy.py,1
sklearn/externals/array_api_extra/_lib/{_utils => }/_compat.py,1
sklearn/externals/array_api_extra/_lib/{_utils => }/_compat.pyi,1
sklearn/externals/array_api_extra/_lib/{_utils => }/_helpers.py,1
sklearn/externals/array_api_extra/_lib/_typing.py,1
sklearn/externals/array_api_extra/_lib/{_utils => }/_typing.pyi,1
sklearn/externals/array_api_extra/_lib/_utils/__init__.py,1
sklearn/externals/array_api_extra/_linalg.py,1
sklearn/externals/array_api_extra/_manipulation.py,1
sklearn/externals/array_api_extra/_searching.py,1
sklearn/externals/array_api_extra/_set.py,1
sklearn/externals/array_api_extra/_sorting.py,1
sklearn/externals/array_api_extra/_statistical.py,1
sklearn/externals/array_api_extra/testing/__init__.py,1
sklearn/externals/array_api_extra/{testing.py => testing/_testing.py},1
doc/whats_new/upcoming_changes/sklearn.datasets/34815.fix.rst,1
sklearn/datasets/tests/test_base.py,1
doc/whats_new/upcoming_changes/callback/34821.fix.rst,1
doc/whats_new/upcoming_changes/array-api/34779.fix.rst,1
doc/whats_new/upcoming_changes/sklearn.tree/33972.major-feature.rst,1
.github/scripts/label_title_regex.py,1
maint_tools/update_tracking_issue.py,1
doc/whats_new/upcoming_changes/array-api/34785.feature.rst,1
sklearn/metrics/cluster/tests/test_common.py,1
sklearn/feature_selection/_sequential.py,1
build_tools/github/build_minimal_windows_image.sh,1
build_tools/github/test_windows_wheels.sh,1
build_tools/circle/build_doc.sh,1
sklearn/callback/tests/_common/__init__.py,1
sklearn/callback/tests/{_utils.py => _common/estimators.py},1
doc/whats_new/upcoming_changes/array-api/33600.feature.rst,1
doc/whats_new/upcoming_changes/array-api/34475.fix.rst,1
doc/whats_new/upcoming_changes/sklearn.discriminant_analysis/34475.efficiency.rst,1
sklearn/externals/array_api_extra/_lib/_utils/_compat.pyi,1
sklearn/externals/array_api_extra/_lib/_utils/_typing.pyi,1
doc/whats_new/upcoming_changes/sklearn.neighbors/34341.fix.rst,1
sklearn/neighbors/_base.py,1
examples/model_selection/plot_underfitting_overfitting.py,1
sklearn/cluster/_kmeans.py,1
.github/ISSUE_TEMPLATE/doc_improvement.yml,1
.github/ISSUE_TEMPLATE/feature_request.yml,1
doc/developers/performance.rst,1
sklearn/ensemble/tests/test_forest.py,1
sklearn/experimental/enable_halving_search_cv.py,1
sklearn/externals/_arff.py,1
sklearn/manifold/_t_sne.py,1
sklearn/manifold/tests/test_t_sne.py,1
sklearn/model_selection/__init__.py,1
sklearn/svm/_base.py,1
sklearn/utils/_mocking.py,1
sklearn/utils/_pprint.py,1
sklearn/utils/tests/test_deprecation.py,1
sklearn/utils/tests/test_tags.py,1
.github/workflows/first-time-contributor.yml,1
doc/whats_new/upcoming_changes/sklearn.linear_model/34561.major-feature.rst,1
sklearn/cluster/_dbscan.py,1
sklearn/cluster/tests/test_dbscan.py,1
build_tools/github/upload_anaconda.sh,1
doc/whats_new/upcoming_changes/callback/34590.api.rst,1
sklearn/manifold/tests/test_isomap.py,1
sklearn/utils/tests/test_sparsefuncs.py,1
doc/whats_new/upcoming_changes/sklearn.ensemble/34586.efficiency.rst,1
meson.build,1
doc/whats_new/upcoming_changes/sklearn.neighbors/34564.efficiency.rst,1
examples/ensemble/plot_forest_iris.py,1
doc/install.rst,1
doc/whats_new/upcoming_changes/sklearn.linear_model/34613.enhancement.rst,1
doc/modules/lda_qda.rst,1
sklearn/tests/test_discriminant_analysis.py,1
doc/whats_new/upcoming_changes/sklearn.linear_model/34572.enhancement.rst,1
doc/whats_new/upcoming_changes/array-api/33633.fix.rst,1
doc/whats_new/upcoming_changes/sklearn.neighbors/34242.api.rst,1
doc/whats_new/upcoming_changes/array-api/34442.enhancement.rst,1
doc/whats_new/upcoming_changes/array-api/34442.fix.rst,1
doc/developers/global_configuration.rst,1
doc/developers/misc_info.rst,1
sklearn/tests/{test_min_dependencies_readme.py => test_min_dependencies_consistency.py},1
sklearn/linear_model/tests/test_sparse_coordinate_descent.py,1
sklearn/utils/_heap.pxd,1
sklearn/utils/_heap.pyx,1
doc/whats_new/upcoming_changes/array-api/34480.fix.rst,1
doc/whats_new/upcoming_changes/sklearn.metrics/34190.api.rst,1
sklearn/metrics/cluster/_unsupervised.py,1
sklearn/mixture/_base.py,1
sklearn/preprocessing/_polynomial.py,1
doc/whats_new/upcoming_changes/array-api/33906.feature.rst,1
sklearn/utils/_response.py,1
examples/cluster/plot_kmeans_digits.py,1
doc/css/styles/custom.css,1
doc/whats_new/upcoming_changes/sklearn.utils/34429.fix.rst,1
sklearn/utils/_repr_html/params.css,1
sklearn/utils/_repr_html/params.py,1
sklearn/utils/_repr_html/tests/test_js.py,1
sklearn/utils/_repr_html/tests/test_params.py,1
AGENTS.md,1
doc/whats_new/upcoming_changes/sklearn.ensemble/34486.efficiency.rst,1
sklearn/linear_model/_glm/tests/test_newton_solver.py,1
examples/gaussian_process/plot_gpc_iris.py,1
doc/modules/decomposition.rst,1
doc/modules/feature_selection.rst,1
examples/covariance/plot_mahalanobis_distances.py,1
sklearn/utils/_mask.py,1
doc/whats_new/upcoming_changes/array-api/34423.feature.rst,1
doc/whats_new/upcoming_changes/sklearn.utils/34447.fix.rst,1
doc/whats_new/upcoming_changes/array-api/33778.fix.rst,1
doc/whats_new/upcoming_changes/sklearn.metrics/34443.api.rst,1
examples/model_selection/plot_det.py,1
sklearn/metrics/_plot/det_curve.py,1
sklearn/metrics/_plot/tests/test_common_curve_display.py,1
sklearn/metrics/_plot/tests/test_det_curve_display.py,1
sklearn/frozen/tests/test_frozen.py,1
examples/callbacks/plot_callback_support.py,1
doc/whats_new/upcoming_changes/sklearn.utils/34380.fix.rst,1
sklearn/inspection/_permutation_importance.py,1
.gitignore,1
doc/Makefile,1
doc/css/.gitkeep,1
doc/{scss/api-search.scss => css/styles/api-search.css},1
doc/{scss/api.scss => css/styles/api.css},1
doc/{scss/colors.scss => css/styles/colors.css},1
doc/{scss/custom.scss => css/styles/custom.css},1
doc/{scss/index.scss => css/styles/index.css},1
doc/make.bat,1
doc/whats_new/upcoming_changes/metadata-routing/30869.fix.rst,1
examples/ensemble/plot_gradient_boosting_regression.py,1
examples/inspection/plot_permutation_importance.py,1
examples/inspection/plot_permutation_importance_multicollinear.py,1
examples/release_highlights/plot_release_highlights_0_22_0.py,1
sklearn/cluster/_hdbscan/hdbscan.py,1
doc/whats_new/upcoming_changes/sklearn.preprocessing/34386.efficiency.rst,1
sklearn/utils/_missing.py,1
doc/whats_new/upcoming_changes/array-api/34412.enhancement.rst,1
doc/whats_new/upcoming_changes/sklearn.linear_model/34412.fix.rst,1
doc/whats_new/upcoming_changes/sklearn.preprocessing/34392.efficiency.rst,1
sklearn/preprocessing/_target_encoder_fast.pyx,1
examples/model_selection/plot_cost_sensitive_learning.py,1
doc/whats_new/upcoming_changes/sklearn.metrics/1140.efficiency.rst,1
doc/whats_new/upcoming_changes/sklearn.mixture/1140.efficiency.rst,1
doc/whats_new/upcoming_changes/sklearn.neighbors/1140.efficiency.rst,1
sklearn/neighbors/_regression.py,1
doc/modules/gaussian_process.rst,1
sklearn/ensemble/_weight_boosting.py,1
sklearn/cluster/_mean_shift.py,1
sklearn/gaussian_process/tests/test_gpc.py,1
doc/whats_new/upcoming_changes/sklearn.ensemble/34248.efficiency.rst,1
sklearn/utils/stats.py,1
doc/whats_new/upcoming_changes/sklearn.ensemble/34194.efficiency.rst,1
sklearn/ensemble/_hist_gradient_boosting/_binning.pyx,1
doc/whats_new/upcoming_changes/sklearn.utils/34362.fix.rst,1
sklearn/utils/_repr_html/features.css,1
.github/workflows/autoclose-schedule.yml,1
.github/workflows/bot-lint-comment.yml,1
.github/workflows/check-changelog.yml,1
.github/workflows/check-sdist.yml,1
.github/workflows/codeql.yml,1
.github/workflows/not-ready-for-pr-warning.yml,1
.github/workflows/update_tracking_issue.yml,1
doc/governance.rst,1
CONTRIBUTING.md,1
sklearn/cluster/_k_means_common.pyx,1
sklearn/manifold/_utils.pyx,1
doc/whats_new/upcoming_changes/sklearn.linear_model/34157.efficiency.rst,1
sklearn/cluster/_dbscan_inner.pyx,1
sklearn/_loss/loss.py,1
doc/visualizations.rst,1
examples/model_selection/plot_grid_search_refit_callable.py,1
examples/model_selection/plot_roc_crossval.py,1
examples/preprocessing/plot_discretization_classification.py,1
examples/release_highlights/plot_release_highlights_1_5_0.py,1
examples/release_highlights/plot_release_highlights_1_7_0.py,1
examples/release_highlights/plot_release_highlights_1_8_0.py,1
sklearn/ensemble/tests/test_voting.py,1
sklearn/feature_selection/tests/test_from_model.py,1
sklearn/frozen/_frozen.py,1
sklearn/semi_supervised/tests/test_self_training.py,1
sklearn/tests/test_multiclass.py,1
sklearn/tests/test_multioutput.py,1
doc/whats_new/upcoming_changes/sklearn.tree/33810.feature.rst,1
sklearn/ensemble/_hist_gradient_boosting/tests/test_warm_start.py,1
sklearn/neighbors/tests/test_graph.py,1
doc/whats_new/upcoming_changes/sklearn.calibration/33856.feature.rst,1
examples/model_selection/plot_successive_halving_heatmap.py,1
examples/model_selection/plot_successive_halving_iterations.py,1
doc/whats_new/upcoming_changes/sklearn.pipeline/34263.fix.rst,1
sklearn/utils/tests/test_pprint.py,1
doc/whats_new/upcoming_changes/sklearn.metrics/34236.efficiency.rst,1
sklearn/utils/tests/test_set_output.py,1
doc/whats_new/upcoming_changes/sklearn.datasets/34262.fix.rst,1
examples/applications/plot_face_recognition.py,1
examples/model_selection/plot_randomized_search.py,1
doc/whats_new/upcoming_changes/sklearn.svm/34256.fix.rst,1
doc/modules/grid_search.rst,1
doc/whats_new/upcoming_changes/sklearn.model_selection/34250.api.rst,1
sklearn/model_selection/tests/test_successive_halving.py,1
doc/whats_new/upcoming_changes/sklearn.neighbors/34122.feature.rst,1
sklearn/neighbors/_nca.py,1
sklearn/neighbors/tests/test_nca.py,1
doc/modules/outlier_detection.rst,1
maint_tools/vendor_array_api_compat.sh,1
sklearn/externals/array_api_compat/__init__.py,1
sklearn/externals/array_api_compat/common/_helpers.py,1
sklearn/externals/array_api_compat/common/_linalg.py,1
sklearn/externals/array_api_compat/cupy/__init__.py,1
sklearn/externals/array_api_compat/cupy/_aliases.py,1
sklearn/externals/array_api_compat/cupy/_info.py,1
sklearn/externals/array_api_compat/cupy/linalg.py,1
sklearn/externals/array_api_compat/dask/array/__init__.py,1
sklearn/externals/array_api_compat/dask/array/_info.py,1
sklearn/externals/array_api_compat/dask/array/linalg.py,1
sklearn/externals/array_api_compat/numpy/__init__.py,1
sklearn/externals/array_api_compat/numpy/_info.py,1
sklearn/externals/array_api_compat/numpy/linalg.py,1
sklearn/externals/array_api_compat/torch/__init__.py,1
sklearn/externals/array_api_compat/torch/_aliases.py,1
sklearn/externals/array_api_compat/torch/_info.py,1
sklearn/externals/array_api_compat/torch/fft.py,1
sklearn/externals/array_api_extra/_lib/_backends.py,1
doc/whats_new/upcoming_changes/sklearn.ensemble/32911.efficiency.rst,1
doc/modules/impute.rst,1
doc/whats_new/upcoming_changes/sklearn.impute/34214.api.rst,1
examples/impute/plot_iterative_imputer_variants_comparison.py,1
examples/impute/plot_missing_values.py,1
sklearn/experimental/enable_iterative_imputer.py,1
sklearn/experimental/tests/test_enable_iterative_imputer.py,1
sklearn/impute/__init__.py,1
sklearn/impute/_iterative.py,1
sklearn/impute/tests/test_common.py,1
doc/whats_new/upcoming_changes/sklearn.ensemble/34236.api.rst,1
sklearn/experimental/enable_hist_gradient_boosting.py,1
sklearn/experimental/tests/test_enable_hist_gradient_boosting.py,1
doc/whats_new/upcoming_changes/metadata-routing/34188.fix.rst,1
doc/whats_new/upcoming_changes/sklearn.inspection/34092.enhancement.rst,1
examples/classification/plot_classification_probability.py,1
examples/cluster/plot_inductive_clustering.py,1
examples/linear_model/plot_logistic_multinomial.py,1
examples/semi_supervised/plot_semi_supervised_versus_svm_iris.py,1
examples/miscellaneous/plot_metadata_routing.py,1
sklearn/ensemble/_stacking.py,1
sklearn/feature_selection/_rfe.py,1
sklearn/semi_supervised/_self_training.py,1
sklearn/utils/metadata_routing.py,1
doc/whats_new/upcoming_changes/metadata-routing/34224.fix.rst,1
doc/contributor_experience_team.rst,1
doc/maintainers.rst,1
sklearn/kernel_approximation.py,1
doc/whats_new/upcoming_changes/metadata-routing/34201.fix.rst,1
examples/svm/plot_svm_margin.py,1
SECURITY.md,1
sklearn/utils/tests/test_arrayfuncs.py,1
doc/whats_new/upcoming_changes/array-api/31671.feature.rst,1
doc/whats_new/upcoming_changes/array-api/32644.feature.rst,1
doc/whats_new/upcoming_changes/array-api/32846.fix.rst,1
doc/whats_new/upcoming_changes/array-api/32923.fix.rst,1
doc/whats_new/upcoming_changes/array-api/32979.feature.rst,1
doc/whats_new/upcoming_changes/array-api/33076.feature.rst,1
doc/whats_new/upcoming_changes/array-api/33263.feature.rst,1
doc/whats_new/upcoming_changes/array-api/33348.feature.rst,1
doc/whats_new/upcoming_changes/array-api/33437.fix.rst,1
doc/whats_new/upcoming_changes/array-api/33623.enhancement.rst,1
doc/whats_new/upcoming_changes/changed-models/33272.enhancement.rst,1
doc/whats_new/upcoming_changes/many-modules/31937.enhancement.rst,1
doc/whats_new/upcoming_changes/many-modules/32212.fix.rst,1
doc/whats_new/upcoming_changes/many-modules/32942.fix.rst,1
doc/whats_new/upcoming_changes/many-modules/33399.enhancement.rst,1
doc/whats_new/upcoming_changes/metadata-routing/33089.enhancement.rst,1
doc/whats_new/upcoming_changes/sklearn.cluster/24681.enhancement.rst,1
doc/whats_new/upcoming_changes/sklearn.cluster/30751.fix.rst,1
doc/whats_new/upcoming_changes/sklearn.cluster/33148.fix.rst,1
doc/whats_new/upcoming_changes/sklearn.compose/33665.fix.rst,1
doc/whats_new/upcoming_changes/sklearn.datasets/33118.efficiency.rst,1
doc/whats_new/upcoming_changes/sklearn.decomposition/33269.efficiency.rst,1
doc/whats_new/upcoming_changes/sklearn.decomposition/33492.fix.rst,1
doc/whats_new/upcoming_changes/sklearn.ensemble/31529.fix.rst,1
doc/whats_new/upcoming_changes/sklearn.ensemble/32708.fix.rst,1
doc/whats_new/upcoming_changes/sklearn.feature_extraction/33643.fix.rst,1
doc/whats_new/upcoming_changes/sklearn.feature_selection/29532.fix.rst,1
doc/whats_new/upcoming_changes/sklearn.feature_selection/33786.enhancement.rst,1
doc/whats_new/upcoming_changes/sklearn.gaussian_process/32964.fix.rst,1
doc/whats_new/upcoming_changes/sklearn.inspection/33015.fix.rst,1
doc/whats_new/upcoming_changes/sklearn.inspection/33202.fix.rst,1
doc/whats_new/upcoming_changes/sklearn.inspection/33300.fix.rst,1
doc/whats_new/upcoming_changes/sklearn.inspection/33419.fix.rst,1
doc/whats_new/upcoming_changes/sklearn.inspection/33471.fix.rst,1
doc/whats_new/upcoming_changes/sklearn.inspection/33651.fix.rst,1
doc/whats_new/upcoming_changes/sklearn.linear_model/32644.efficiency.rst,1
doc/whats_new/upcoming_changes/sklearn.linear_model/32778.fix.rst,1
doc/whats_new/upcoming_changes/sklearn.linear_model/32828.enhancement.rst,1
doc/whats_new/upcoming_changes/sklearn.linear_model/32845.enhancement.rst,1
doc/whats_new/upcoming_changes/sklearn.linear_model/33041.efficiency.rst,1
doc/whats_new/upcoming_changes/sklearn.linear_model/33161.enhancement.rst,1
doc/whats_new/upcoming_changes/sklearn.linear_model/33333.api,1
doc/whats_new/upcoming_changes/sklearn.linear_model/33440.feature.rst,1
doc/whats_new/upcoming_changes/sklearn.metrics/30508.feature.rst,1
doc/whats_new/upcoming_changes/sklearn.metrics/31671.fix.rst,1
doc/whats_new/upcoming_changes/sklearn.metrics/32732.major-feature.rst,1
doc/whats_new/upcoming_changes/sklearn.metrics/33357.api.rst,1
doc/whats_new/upcoming_changes/sklearn.metrics/33405.fix.rst,1
doc/whats_new/upcoming_changes/sklearn.metrics/33740.fix.rst,1
doc/whats_new/upcoming_changes/sklearn.model_selection/33176.fix.rst,1
doc/whats_new/upcoming_changes/sklearn.neural_network/33774.fix.rst,1
doc/whats_new/upcoming_changes/sklearn.pipeline/33362.fix.rst,1
doc/whats_new/upcoming_changes/sklearn.preprocessing/33268.fix.rst,1
doc/whats_new/upcoming_changes/sklearn.preprocessing/33453.api.rst,1
doc/whats_new/upcoming_changes/sklearn.svm/32050.api.rst,1
doc/whats_new/upcoming_changes/sklearn.svm/33388.api.rst,1
doc/whats_new/upcoming_changes/array-api/33573.feature.rst,1
sklearn/svm/src/libsvm/svm.cpp,1
doc/developers/plotting.rst,1
examples/callbacks/README.txt,1
examples/callbacks/plot_scoring_monitor.py,1
sklearn/utils/_show_versions.py,1
sklearn/utils/tests/test_show_versions.py,1
sklearn/svm/_classes.py,1
sklearn/utils/_repr_html/estimator.py,1
sklearn/datasets/_kddcup99.py,1
sklearn/datasets/_olivetti_faces.py,1
examples/ensemble/plot_stack_predictors.py,1
doc/whats_new/upcoming_changes/sklearn.metrics/34083.fix.rst,1
sklearn/feature_selection/_base.py,1
sklearn/utils/_dataframe.py,1
doc/whats_new.rst,1
sklearn/model_selection/tests/test_classification_threshold.py,1
doc/user_guide.rst,1
doc/whats_new/upcoming_changes/callback/.gitkeep,1
sklearn/callback/__init__.py,1
sklearn/callback/_base.py,1
sklearn/callback/tests/__init__.py,1
sklearn/callback/tests/conftest.py,1
sklearn/utils/_optional_dependencies.py,1
doc/jupyter-lite.json,1
doc/support.rst,1
doc/whats_new/upcoming_changes/changed-models/33333.api,1
doc/whats_new/upcoming_changes/{custom-top-level => many-modules}/31127.enhancement.rst,1
doc/whats_new/upcoming_changes/sklearn.utils/33126.enhancement.rst,1
sklearn/neighbors/_classification.py,1
examples/svm/plot_rbf_parameters.py,1
sklearn/decomposition/tests/test_nmf.py,1
sklearn/ensemble/_iforest.py,1
sklearn/tree/tests/test_monotonic_tree.py,1
sklearn/impute/tests/test_base.py,1
sklearn/utils/tests/test_mocking.py,1
sklearn/utils/tests/test_testing.py,1
sklearn/ensemble/_hist_gradient_boosting/_bitset.pxd,1
sklearn/ensemble/_hist_gradient_boosting/_bitset.pyx,1
sklearn/ensemble/_hist_gradient_boosting/_predictor.pyx,1
sklearn/ensemble/_hist_gradient_boosting/common.pxd,1
sklearn/ensemble/_hist_gradient_boosting/common.pyx,1
sklearn/ensemble/_hist_gradient_boosting/grower.py,1
sklearn/ensemble/_hist_gradient_boosting/meson.build,1
sklearn/ensemble/_hist_gradient_boosting/tests/test_predictor.py,1
sklearn/{ensemble/_hist_gradient_boosting => utils}/tests/test_bitset.py,1
doc/whats_new/upcoming_changes/custom-top-level/31127.enhancement.rst,1
doc/whats_new/upcoming_changes/sklearn.linear_model/{32828.fix.rst => 32828.enhancement.rst},1
doc/whats_new/v1.8.rst,1
doc/data_interoperability.rst,1
doc/faq.rst,1
doc/modules/df_output_transform.rst,1
examples/release_highlights/plot_release_highlights_1_0_0.py,1
examples/release_highlights/plot_release_highlights_1_1_0.py,1
sklearn/_config.py,1
doc/_static/bnp-small.png,1
doc/about.rst,1
doc/images/bnp-paribas-small.png,1
doc/images/bnp-paribas.jpg,1
doc/images/bnp-paribas.png,1
doc/images/michelin-small.png,1
doc/images/michelin.png,1
doc/images/nasa-small.png,1
doc/images/nasa.png,1
doc/index.rst.template,1
doc/scss/index.scss,1
doc/templates/funding_links.html,1
asv_benchmarks/benchmarks/config.json,1
doc/modules/classification_threshold.rst,1
examples/calibration/plot_compare_calibration.py,1
examples/ensemble/plot_hgbt_regression.py,1
examples/svm/plot_svm_scale_c.py,1
sklearn/_loss/_loss.pyx.tp,1
sklearn/_loss/meson.build,1
sklearn/cluster/tests/test_hierarchical.py,1
sklearn/cross_decomposition/tests/test_pls.py,1
sklearn/datasets/descr/wine_data.rst,1
sklearn/datasets/tests/test_lfw.py,1
sklearn/ensemble/_gradient_boosting.pyx,1
sklearn/ensemble/_hist_gradient_boosting/tests/test_grower.py,1
sklearn/ensemble/_hist_gradient_boosting/utils.py,1
sklearn/ensemble/tests/test_iforest.py,1
sklearn/gaussian_process/_gpr.py,1
sklearn/gaussian_process/tests/test_gpr.py,1
sklearn/impute/_base.py,1
sklearn/linear_model/_passive_aggressive.py,1
sklearn/linear_model/_sgd_fast.pyx.tp,1
sklearn/linear_model/_stochastic_gradient.py,1
sklearn/linear_model/meson.build,1
sklearn/linear_model/tests/test_sgd.py,1
sklearn/metrics/_pairwise_distances_reduction/meson.build,1
sklearn/metrics/_plot/tests/test_precision_recall_display.py,1
sklearn/metrics/meson.build,1
sklearn/neighbors/_quad_tree.pyx,1
sklearn/neighbors/meson.build,1
sklearn/tests/test_min_dependencies_readme.py,1
sklearn/tree/tests/test_reingold_tilford.py,1
sklearn/utils/tests/test_plotting.py,1
sklearn/linear_model/_bayes.py,1
sklearn/_loss/tests/test_link.py,1
sklearn/utils/tests/test_estimator_checks.py,1
examples/linear_model/plot_sgd_iris.py,1
sklearn/cluster/tests/test_spectral.py,1
sklearn/manifold/_spectral_embedding.py,1
sklearn/manifold/tests/test_spectral_embedding.py,1
