token_1,token_2,original_similarity,improved_similarity,change
_,/,0.029606564996795766,0.053989370649519114,0.024382805652723348
_,py,0.02885585204560142,-0.018851225643445876,-0.04770707768904729
_,.,-0.1738163259148332,-0.16095855340755247,0.012857772507280735
_,test,0.19207038982687952,0.1391221314729081,-0.052948258353971406
_,tests,-0.05540645659862934,-0.0646522206382334,-0.009245764039604067
_,tutorial,-0.029143925164529755,-0.09941278210122269,-0.07026885693669294
_,sklearn,-0.016204201181331743,-0.05594391589423296,-0.03973971471290122
_,src,0.004106500567122672,-0.01364843011865413,-0.017754930685776802
_,/_,-0.005178418868950113,0.1048061423244119,0.10998456119336202
_,docs,-0.023528128689068034,-0.04266905299292839,-0.019140924303860357
_,310,0.024842174055790107,0.032394649191607325,0.007552475135817218
_,init,0.040327908483242886,0.025925337395813083,-0.014402571087429802
_,__.,-0.07507691187436055,0.028960497463765753,0.1040374093381263
_,/__,0.04788416593590608,0.1603010669635165,0.11241690102761043
_,plot,-0.07053067602184054,-0.07664706364758682,-0.006116387625746275
_,examples,-0.06116014826145978,-0.09490833716143302,-0.03374818889997323
_,testing,0.028695650507905582,0.007024741056424953,-0.02167090945148063
_,001,-0.008761851822948809,-0.012727264131084052,-0.003965412308135243
_,params,-0.23775347107350203,-0.21647595248551843,0.0212775185879836
_,model,-0.09487082595192815,-0.10866651509955243,-0.013795689147624274
_,utils,-0.12447474397333515,-0.12035218502665487,0.004122558946680274
_,scripts,-0.11095073675312632,-0.14841940748551294,-0.03746867073238662
_,response,0.016263216245547538,-0.026853935656154196,-0.043117151901701734
_,an,0.18445933973401804,0.11604421741766885,-0.06841512231634919
_,002,0.04144506246022252,0.059077673983050076,0.01763261152282756
_,example,-0.003187003402262706,-0.020797205754548895,-0.017610202352286188
_,request,0.057012632310491085,0.006399630732078653,-0.050613001578412434
_,003,-0.050332269164732504,-0.04099865738920157,0.009333611775530937
_,pytest,0.02868519600839277,-0.019713839016901477,-0.048399035025294246
_,linear,0.10634585000598819,0.010376741838185908,-0.09596910816780228
_,query,-0.09916646913398776,-0.11257451640224471,-0.01340804726825695
_,path,0.044666015933371,0.007982384724581407,-0.03668363120878959
_,cluster,0.06602182259946078,0.012103464340438195,-0.05391835825902259
_,api,-0.036724828473050204,-0.04604346597465131,-0.009318637501601106
_,body,-0.0008437166675445718,0.006666813201579721,0.0075105298691242935
_,benchmarks,-0.11171887223540998,-0.09747324328595679,0.014245628949453193
_,externals,0.11125841070538726,0.024757852758304895,-0.08650055794708236
_,models,0.17128337543590882,0.13285988837153018,-0.03842348706437865
_,app,-0.001831706318145981,-0.009883245193629368,-0.008051538875483388
_,array,-0.12269750028227545,-0.13480035987328473,-0.012102859591009277
_,ensemble,-0.0494121783485653,-0.0478458008258287,0.0015663775227366047
_,security,-0.06008511034277801,-0.09050361632063392,-0.030418505977855906
_,selection,-0.07625688641695245,-0.0834754690612462,-0.0072185826442937445
_,extra,-0.09412853499217148,-0.11322665619158585,-0.01909812119941437
_,validations,-0.10304235867814011,-0.11912583194886374,-0.016083473270723625
_,str,0.18583348677504627,0.13033240920871497,-0.0555010775663313
_,custom,-0.014236480201255161,-0.03719835460595821,-0.02296187440470305
_,dependencies,0.009672411826975027,-0.015886649882759975,-0.025559061709735
_,fixtures,-0.13487348032299024,-0.1381630893822206,-0.0032896090592303695
/,py,-0.039066559331792206,-0.043144673364693374,-0.004078114032901169
/,.,-0.046769221867905636,-0.03162381332011837,0.015145408547787266
/,test,0.04598652869585271,0.059624531714581964,0.013638003018729257
/,tests,-0.07193569478103462,-0.04210810587991977,0.02982758890111485
/,tutorial,-0.07005019427824681,-0.07946638962443144,-0.009416195346184625
/,sklearn,-0.1930598856032875,-0.18107212657610172,0.011987759027185768
/,src,-0.08567653599981456,-0.08844241898843226,-0.002765882988617699
/,/_,0.08884996008656008,0.20448910831788666,0.11563914823132658
/,docs,0.05499371042435295,0.0527595881119159,-0.0022341223124370466
/,310,0.03977989600815616,0.0479907134048999,0.008210817396743744
/,init,0.013233205344010741,0.017113661765287076,0.003880456421276334
/,__.,0.15934274607112067,0.16964657416746987,0.010303828096349193
/,/__,-0.024840114610935864,0.10281034793227388,0.12765046254320975
/,plot,-0.04853305468875087,-0.06006849432541012,-0.011535439636659255
/,examples,0.09120460593698275,0.02861478265391426,-0.06258982328306849
/,testing,0.03138349992188339,-0.003185438632052513,-0.034568938553935905
/,001,-0.08423705347243986,-0.08520279264265765,-0.0009657391702177914
/,params,-0.03446922195805765,-0.0514759978872716,-0.01700677592921395
/,model,-0.0325660329607923,-0.03755221830449556,-0.0049861853437032574
/,utils,0.05907924431453687,0.04788606511704201,-0.011193179197494858
/,scripts,0.02986232797015921,0.007724781746568627,-0.022137546223590585
/,response,-0.14348227290572638,-0.14019282384149284,0.003289449064233535
/,an,-0.040309793153967315,-0.07480438877353773,-0.03449459561957042
/,002,0.0008909453412779923,0.013074866785695955,0.012183921444417963
/,example,0.02664790612441095,-0.004542730162861663,-0.031190636287272613
/,request,-0.014628582945062371,-0.033288430922228086,-0.018659847977165717
/,003,0.006954883844114764,0.0037522314310934487,-0.003202652413021315
/,pytest,0.07713508081890592,0.03541006423609867,-0.04172501658280725
/,linear,-0.0514866196990474,-0.07167320354602814,-0.020186583846980743
/,query,-0.046344972816292324,-0.056047759701531405,-0.009702786885239081
/,path,-0.12525480299076977,-0.14511827177184536,-0.01986346878107559
/,cluster,-0.09090430675837667,-0.09481358491643466,-0.0039092781580579855
/,api,0.11360825151869139,0.07860316009680948,-0.035005091421881906
/,body,0.05778183616360335,0.0662546683400638,0.00847283217646045
/,benchmarks,-0.0008264288494498358,-0.04177347795428284,-0.040947049104833
/,externals,0.03380526550604884,-0.038297302449771725,-0.07210256795582057
/,models,0.10404257419841499,0.09072905980020632,-0.013313514398208673
/,app,-0.11494146098581182,-0.12560020658661242,-0.010658745600800601
/,array,0.0024601901102142233,-0.02438915343148681,-0.026849343541701032
/,ensemble,-0.017834280622984554,-0.04631700559655932,-0.028482724973574763
/,security,0.13915514617359462,0.08088377090999256,-0.05827137526360206
/,selection,0.05412650783807349,0.016082343106830186,-0.03804416473124331
/,extra,-0.0374095118545949,-0.06575461546016659,-0.028345103605571687
/,validations,-0.005061980601795659,-0.03158264025807906,-0.0265206596562834
/,str,-0.052041113622064525,-0.060082935819133564,-0.008041822197069039
/,custom,0.14492682851662442,0.12106173870152052,-0.023865089815103893
/,dependencies,-0.06155003313270662,-0.06156317885642732,-1.3145723720700553e-05
/,fixtures,0.08279021660131768,0.04872119905491083,-0.03406901754640684
py,.,-0.004124682313542217,0.02772630864010953,0.031850990953651744
py,test,0.028028575000415553,0.06046480138364873,0.03243622638323318
py,tests,0.03948882251700786,0.10836543535399953,0.06887661283699167
py,tutorial,-0.013198526572909637,0.08869626317539137,0.101894789748301
py,sklearn,-0.016074346425882735,0.04260947003331014,0.05868381645919288
py,src,0.06801599190690938,0.09039872610415738,0.022382734197247997
py,/_,-0.01874916906979093,-0.018462519595766873,0.00028664947402405605
py,docs,0.15270789810888577,0.1561952424197869,0.0034873443109011415
py,310,-0.07049568444430727,-0.1087640415751463,-0.03826835713083902
py,init,-0.15655101478099778,-0.12968626887555418,0.026864745905443604
py,__.,0.1373057848484761,0.14017981969711113,0.002874034848635021
py,/__,-0.0522084075979687,-0.025554352522365303,0.026654055075603398
py,plot,0.21944525700300388,0.29943890061794926,0.07999364361494538
py,examples,0.07532956486803238,0.23556241600348432,0.16023285113545194
py,testing,-0.1519613177629302,-0.12460064291472848,0.02736067484820172
py,001,-0.03737868829449459,-0.03462280128493823,0.002755887009556361
py,params,-0.03700399294840984,0.15668238508251642,0.19368637803092625
py,model,0.010567164614161368,0.037675720610806075,0.027108555996644707
py,utils,-0.08744247389722698,-0.06218790995460264,0.02525456394262434
py,scripts,0.04419663282698638,0.22675000749106064,0.18255337466407426
py,response,-0.08709921832458811,0.14135116556257393,0.22845038388716205
py,an,0.0107495253542811,0.07672098334393405,0.06597145798965295
py,002,-0.031567376702818076,-0.03818376790210888,-0.006616391199290805
py,example,-0.036885106276117206,0.12560668157435387,0.16249178785047108
py,request,-0.10174923200742668,0.009480023365205762,0.11122925537263244
py,003,-0.03192842994178142,-0.007631558465976783,0.024296871475804636
py,pytest,-0.09114315339332499,0.12279273945962021,0.2139358928529452
py,linear,-0.10515117207495987,-0.01053446690230136,0.09461670517265851
py,query,-0.03903324094339536,0.11398493732669811,0.15301817827009345
py,path,0.04178381259752543,0.20116271294140298,0.15937890034387756
py,cluster,0.13487741774295745,0.2110499463915077,0.07617252864855026
py,api,0.015607062114123762,0.1497914776231587,0.13418441550903493
py,body,0.08401260129677932,0.17132989557408582,0.0873172942773065
py,benchmarks,0.024920131929638198,0.18805796790317816,0.16313783597353998
py,externals,0.018293083424211702,0.13959882186961775,0.12130573844540604
py,models,-0.10024653364814634,-0.0005788698460623238,0.09966766380208401
py,app,-0.06985428471573882,0.12987998969426282,0.19973427441000163
py,array,0.023555659474845763,0.2023586174725745,0.17880295799772875
py,ensemble,-0.013076775821077708,0.01759691138651647,0.03067368720759418
py,security,0.058010436162775465,0.2308695423533882,0.17285910619061273
py,selection,0.027940862211047194,0.16833092858117066,0.14039006637012347
py,extra,-0.009254655139600236,0.08619505304997765,0.09544970818957789
py,validations,-0.1316133544187848,-0.00032990608758271396,0.1312834483312021
py,str,0.03840911467723018,0.05692926305379782,0.01852014837656764
py,custom,0.12150643440278819,0.20113244025328994,0.07962600585050175
py,dependencies,-0.06716790617935771,0.15495604417002262,0.22212395034938032
py,fixtures,-0.06739218891538591,0.0328272043323502,0.10021939324773611
.,test,0.09613835073419517,0.08878226260546754,-0.007356088128727636
.,tests,0.048365898364111225,0.05324003238965904,0.004874134025547816
.,tutorial,-0.09936066340131816,-0.028051771787685587,0.07130889161363257
.,sklearn,-0.13194980401291054,-0.07685184392137155,0.055097960091538986
.,src,-0.061260599665956574,-0.04202132191270531,0.019239277753251266
.,/_,0.10419790374289949,0.09768770816098486,-0.006510195581914624
.,docs,0.09280088351158254,0.08477477104884136,-0.00802611246274118
.,310,0.045442984620965216,0.05278379008133633,0.007340805460371115
.,init,-0.08338593797368114,-0.08468921629586364,-0.001303278322182494
.,__.,0.02047525833417705,0.1268548923157251,0.10637963398154807
.,/__,0.06809512959937919,0.06936831274606652,0.0012731831466873261
.,plot,-0.03641463674759196,-0.030535060736156184,0.005879576011435777
.,examples,0.043292713831410784,-0.001037818673463033,-0.044330532504873815
.,testing,-0.032256655684535465,-0.03459393027489393,-0.002337274590358464
.,001,0.13224697890403203,0.1410023455337787,0.008755366629746658
.,params,0.12394982532209478,0.10940421550123425,-0.014545609820860533
.,model,-0.016240003411305857,-0.04169402778644514,-0.025454024375139283
.,utils,0.013476885751503315,0.01037650011422125,-0.0031003856372820646
.,scripts,-0.06371527606257556,-0.03483715051330989,0.028878125549265665
.,response,0.007563299993975018,0.02036263832095615,0.012799338326981132
.,an,0.045409311532101426,0.02434883036028346,-0.021060481171817965
.,002,0.03503605245857608,0.05041612879322187,0.01538007633464579
.,example,-0.07078689482139804,-0.07335161218065522,-0.0025647173592571876
.,request,-0.009208182149741308,0.014075782012085163,0.023283964161826473
.,003,0.07472683986839296,0.0925770597072642,0.017850219838871237
.,pytest,0.0715293785505249,0.06458220517739308,-0.006947173373131818
.,linear,-0.0005631606954999947,-0.003915203865637157,-0.003352043170137163
.,query,0.05816575859592316,0.06330583750871845,0.005140078912795283
.,path,-0.0017402538107992942,7.63341105083848e-06,0.0017478872218501327
.,cluster,0.014429752864808968,0.025554544333787177,0.011124791468978209
.,api,-0.08023435859786018,-0.08146337510281976,-0.0012290165049595736
.,body,0.015220056506237556,0.016191315474338077,0.0009712589681005208
.,benchmarks,-0.03963232036492625,-0.0027674552479359975,0.03686486511699025
.,externals,0.0759945889804079,0.06465366911938192,-0.011340919861025978
.,models,-0.07983746989874196,-0.07431631908453487,0.005521150814207093
.,app,0.0765236353193238,0.0708622980452915,-0.005661337274032299
.,array,0.16027649662225796,0.163491486963128,0.0032149903408700553
.,ensemble,-0.11271880407607418,-0.09841008310313824,0.014308720972935937
.,security,0.1606631218809506,0.16148417210945698,0.0008210502285063703
.,selection,-0.028175733595845857,-0.004955346819795993,0.023220386776049866
.,extra,-0.0211059644207489,0.02097027561819623,0.042076240038945126
.,validations,0.022953523686535693,0.014707999248471153,-0.00824552443806454
.,str,0.11312248087168389,0.11995266502422414,0.006830184152540247
.,custom,0.052806070893907445,0.07712136489719666,0.024315294003289217
.,dependencies,-0.15844688652849992,-0.11350138070738171,0.04494550582111821
.,fixtures,0.0108179509651245,0.02703818871853095,0.016220237753406454
test,tests,-0.16468103894565742,0.1518240202912852,0.3165050592369426
test,tutorial,-0.12669654257602855,0.020744786947650314,0.14744132952367886
test,sklearn,-0.002411857894494463,0.31889646425730367,0.3213083221517981
test,src,0.1215290139595318,0.19073272322028859,0.06920370926075678
test,/_,-0.04143783626579288,-0.10118413562096912,-0.05974629935517624
test,docs,0.037654836439428435,0.07287160247379708,0.03521676603436864
test,310,0.05693999559562464,-0.02852941564580246,-0.0854694112414271
test,init,0.18186222214911768,0.2109930358895604,0.029130813740442713
test,__.,0.06257833493680938,0.057795432699058846,-0.004782902237750533
test,/__,-0.02415951124057792,-0.01243082986732077,0.01172868137325715
test,plot,-0.04375186285070416,-0.01008127948699129,0.03367058336371287
test,examples,-0.13901083675802584,0.12231454805108997,0.2613253848091158
test,testing,0.05430045698944535,0.30232888072431924,0.24802842373487388
test,001,-0.0006541219151925483,0.007533954775876914,0.008188076691069463
test,params,-0.13496548016365006,0.1385990575354289,0.27356453769907896
test,model,-0.03755625118203228,0.03211385067345292,0.0696701018554852
test,utils,-0.11314996556548337,0.224823884671338,0.33797385023682136
test,scripts,0.07700844792907818,0.3441439415077403,0.2671354935786621
test,response,0.10250867979860315,0.3690122243367378,0.26650354453813463
test,an,-0.09593311777871616,-0.0037165620317733436,0.09221655574694282
test,002,-0.11892036319111472,-0.10658809566959998,0.012332267521514742
test,example,-0.011351072490052912,0.01872374061272642,0.030074813102779333
test,request,0.18620891642863227,0.3966234303875564,0.2104145139589241
test,003,0.1459783824223519,0.13091501794225258,-0.015063364480099317
test,pytest,0.014992302544445103,0.3185077950873059,0.3035154925428608
test,linear,0.0029669403619676203,0.1548014702796626,0.15183452991769497
test,query,0.01796994428045001,0.08572507922588318,0.06775513494543317
test,path,-0.1268715622348266,-0.037236943108656384,0.08963461912617021
test,cluster,-0.04004849635269987,0.2824148036771304,0.32246330002983026
test,api,0.0568639681569486,0.08968561034053134,0.03282164218358274
test,body,0.07637676671440548,0.07798146842097965,0.0016047017065741742
test,benchmarks,-0.18200959245245552,0.13829302056933232,0.32030261302178786
test,externals,-0.028436139386690748,0.2430786092152756,0.27151474860196634
test,models,0.019255396279013463,0.20819128895952627,0.1889358926805128
test,app,-0.05973767605497042,-0.018246402653356718,0.0414912734016137
test,array,-0.05551235915131252,-0.0335586284453833,0.021953730705929222
test,ensemble,0.011405205177796602,0.2201724653512493,0.20876726017345268
test,security,0.0788491602467819,0.3279456008135749,0.24909644056679298
test,selection,-0.09245866151235213,0.258383272195746,0.35084193370809813
test,extra,-0.0929780541147048,0.18232991205611968,0.2753079661708245
test,validations,-0.07085032846425708,0.1907236385617472,0.2615739670260043
test,str,0.1638322100325246,0.3681234628097918,0.2042912527772672
test,custom,0.0011306241353466952,0.29033364210213575,0.28920301796678904
test,dependencies,-0.003455471127907175,0.3175507248152561,0.32100619594316326
test,fixtures,0.08001247840398198,0.4133375526125871,0.33332507420860513
tests,tutorial,0.11469560880744036,0.16232540335145906,0.04762979454401871
tests,sklearn,-0.14133768051392837,0.24409972012755923,0.38543740064148757
tests,src,-0.08089751264293255,0.0047662187104475446,0.0856637313533801
tests,/_,0.045396795258295354,-0.04751638674853789,-0.09291318200683324
tests,docs,0.05705583629607557,0.07572639856199637,0.018670562265920794
tests,310,0.010897245213467504,-0.059878120224913824,-0.07077536543838132
tests,init,-0.10947920363463012,-0.0239509281016779,0.08552827553295222
tests,__.,-0.004329180967179233,-0.008532219000527124,-0.004203038033347891
tests,/__,-0.08229031014543427,-0.0828443779414137,-0.0005540677959794266
tests,plot,0.06695495954235613,0.10420087725480805,0.03724591771245192
tests,examples,0.02806608836152273,0.26196888774763777,0.23390279938611502
tests,testing,-0.07116039072252041,0.18094719974688533,0.25210759046940573
tests,001,0.0743591431306551,0.07339938707566192,-0.0009597560549931827
tests,params,0.08420581934849271,0.24326639369744638,0.15906057434895365
tests,model,0.025977989569288384,0.09425453913279973,0.06827654956351134
tests,utils,-0.061210716500189236,0.20481758719378093,0.2660283036939702
tests,scripts,-0.019406903345479936,0.26263647209448854,0.2820433754399685
tests,response,0.17800147440572725,0.42343711395599043,0.24543563955026318
tests,an,-0.07817036857129346,0.03727582886218411,0.11544619743347757
tests,002,0.020831952156882785,0.0019622420571639284,-0.018869710099718856
tests,example,0.06300796370585811,0.09213620746758383,0.029128243761725722
tests,request,0.03610533062421573,0.2831127368528913,0.24700740622867556
tests,003,-0.025219846382099054,0.00010119962002605198,0.025321046002125105
tests,pytest,0.034185843775023546,0.3286839385783974,0.29449809480337386
tests,linear,-0.1932516309265633,0.030990100089263922,0.22424173101582723
tests,query,0.015536963538084403,0.08602058822417563,0.07048362468609123
tests,path,-0.07578674874829362,0.025005537963715456,0.10079228671200907
tests,cluster,0.0565147584829539,0.3146271029754356,0.2581123444924817
tests,api,-0.16034936333112138,-0.07188090497459108,0.08846845835653029
tests,body,0.033607739857256895,0.04758879202490141,0.013981052167644517
tests,benchmarks,-0.1765246319385613,0.11395964250444468,0.29048427444300595
tests,externals,0.0444376532888777,0.28285359115598036,0.23841593786710266
tests,models,-0.2483116826192993,0.008316493030970696,0.25662817565027
tests,app,0.04773444811990535,0.08629330020808783,0.03855885208818248
tests,array,0.06378017600523604,0.07556564844306056,0.011785472437824518
tests,ensemble,0.02922531199555616,0.24621356799967273,0.21698825600411656
tests,security,0.005804533397736667,0.24492936171192675,0.23912482831419007
tests,selection,-0.004406379534338349,0.26455985619544026,0.2689662357297786
tests,extra,-0.008194105412143427,0.2492099647179526,0.25740407013009603
tests,validations,0.055304577613932954,0.2623729692009299,0.20706839158699694
tests,str,-0.02782475667408523,0.21037472646024058,0.23819948313432582
tests,custom,-0.2054648762630987,0.09106337571286581,0.2965282519759645
tests,dependencies,0.07284511989289877,0.34141277618213345,0.2685676562892347
tests,fixtures,-0.08997082621719898,0.25479454032369486,0.34476536654089385
tutorial,sklearn,-0.1262937258193956,0.18012891299499242,0.306422638814388
tutorial,src,0.06257897394349825,0.09728593918143737,0.03470696523793912
tutorial,/_,-0.04473678719417871,-0.15596007669404285,-0.11122328949986415
tutorial,docs,0.06513119746971048,0.04559376011796564,-0.01953743735174484
tutorial,310,0.06684564286094917,0.007215880130045011,-0.05962976273090416
tutorial,init,0.059026711595774974,0.19012093732647634,0.13109422573070137
tutorial,__.,-0.10831680589534863,-0.16034937215584322,-0.05203256626049459
tutorial,/__,-0.1663440850327988,-0.18970580331175965,-0.023361718278960858
tutorial,plot,0.08645294779553644,0.21621003764809837,0.12975708985256193
tutorial,examples,-0.07111101840368181,0.07958517878906406,0.15069619719274585
tutorial,testing,0.002594971393895928,0.13265637711146777,0.13006140571757185
tutorial,001,0.05051860578852599,0.08408392490160307,0.033565319113077086
tutorial,params,-0.006982184172392311,0.27308180081143335,0.2800639849838257
tutorial,model,-0.018349724401513973,0.0896662177322235,0.10801594213373747
tutorial,utils,-0.05941217295421787,0.2081841539051215,0.2675963268593394
tutorial,scripts,0.0592546576267155,0.2980694076629816,0.23881475003626612
tutorial,response,-0.13576514662186404,0.11195551283289201,0.24772065945475605
tutorial,an,0.0568616823280142,0.241671201767439,0.1848095194394248
tutorial,002,-0.05651491070492809,-0.03700821468225442,0.019506696022673672
tutorial,example,0.08623265621838906,0.12678114322322537,0.040548487004836306
tutorial,request,0.13430183640185997,0.3537703206120473,0.2194684842101873
tutorial,003,0.008588528584277102,0.060224785976082475,0.05163625739180537
tutorial,pytest,-0.04246463555574484,0.22162303244476525,0.2640876680005101
tutorial,linear,0.1414473166740773,0.3702872117493621,0.22883989507528477
tutorial,query,0.018809151325544362,0.16018144966029307,0.1413722983347487
tutorial,path,-0.1818458843987803,0.044508109671974966,0.22635399407075527
tutorial,cluster,-0.132018989085287,0.20038970367850048,0.3324086927637875
tutorial,api,-0.0647006552923992,0.08327120910897225,0.14797186440137144
tutorial,body,0.05605683696548603,0.0539313218540686,-0.0021255151114174323
tutorial,benchmarks,-0.1835176660060991,0.08113044075360042,0.2646481067596995
tutorial,externals,-0.06603793836962064,0.27855395386534365,0.3445918922349643
tutorial,models,-0.040918038812265585,0.03798881167525113,0.07890685048751672
tutorial,app,0.03245998171234329,0.20551722484179147,0.17305724312944817
tutorial,array,-0.013945483579285186,0.18449060663262926,0.19843609021191444
tutorial,ensemble,-0.08754480789972403,0.03336907901604037,0.12091388691576441
tutorial,security,0.016966901477046763,0.28882879903374736,0.2718618975567006
tutorial,selection,-0.07330948453022267,0.26971451209233627,0.34302399662255895
tutorial,extra,-0.12211266665035901,0.16860957567648768,0.2907222423268467
tutorial,validations,0.03301477005000088,0.2871047345030496,0.2540899644530487
tutorial,str,0.050661924142752335,0.2400571727161956,0.18939524857344325
tutorial,custom,-0.046555125774732226,0.2371088446121068,0.283663970386839
tutorial,dependencies,0.1415390934802387,0.2990106136083528,0.1574715201281141
tutorial,fixtures,-0.14235495861163744,0.2327643144833355,0.37511927309497295
sklearn,src,0.040939876311013285,0.21520818567521957,0.1742683093642063
sklearn,/_,0.07935852059273009,-0.052413723624613544,-0.13177224421734363
sklearn,docs,0.029936898254746026,0.06553867887014758,0.035601780615401556
sklearn,310,-0.002385320222868908,-0.06740593691720938,-0.06502061669434046
sklearn,init,0.03723632668084424,0.14841382811086978,0.11117750143002554
sklearn,__.,-0.13904402351334486,-0.16535544861513504,-0.026311425101790187
sklearn,/__,-0.025393744459485584,-0.04056196423093701,-0.015168219771451427
sklearn,plot,-0.0022809746442448943,0.08628131412793351,0.08856228877217841
sklearn,examples,0.04502176362022366,0.3827752770730365,0.33775351345281285
sklearn,testing,0.05249440787249182,0.34446206319134937,0.29196765531885754
sklearn,001,0.1602627805252831,0.18604548169542404,0.025782701170140948
sklearn,params,-0.13774780147194698,0.28417263452361996,0.42192043599556694
sklearn,model,-0.06309770344202936,0.15326809240725336,0.21636579584928273
sklearn,utils,0.1299858480580766,0.3956722336083928,0.2656863855503162
sklearn,scripts,-0.0022637216299937826,0.30646283221557913,0.3087265538455729
sklearn,response,0.15511442629593558,0.4941985325135245,0.33908410621758894
sklearn,an,-0.08086018526445092,0.20570960283719308,0.286569788101644
sklearn,002,0.16385804307268576,0.13580832132980045,-0.02804972174288531
sklearn,example,0.006302082199223299,0.22264717045754978,0.2163450882583265
sklearn,request,-0.051695690963754114,0.3208509624669543,0.3725466534307084
sklearn,003,-0.027232805934793155,0.04393586233824224,0.07116866827303539
sklearn,pytest,-0.03791832248925558,0.39863817618873876,0.43655649867799434
sklearn,linear,-0.05793729740475296,0.3664458277490957,0.42438312515384863
sklearn,query,-0.09802451511047446,0.14086636704722907,0.23889088215770354
sklearn,path,0.015757332602256,0.11189926993141887,0.09614193732916287
sklearn,cluster,0.11730107481857487,0.47689915614604733,0.35959808132747245
sklearn,api,0.07556679803453258,0.1088337901494527,0.033266992114920124
sklearn,body,-0.07914859464109945,-0.04556533966829584,0.033583254972803615
sklearn,benchmarks,0.2065659662793526,0.4881377199118816,0.281571753632529
sklearn,externals,-0.0595740595761779,0.4171780025514487,0.4767520621276266
sklearn,models,0.002883069302530989,0.2612686830206151,0.2583856137180841
sklearn,app,-0.051159148553964355,0.22811148294638764,0.279270631500352
sklearn,array,0.010600529084794523,0.19827128784115494,0.1876707587563604
sklearn,ensemble,0.008896174361380491,0.3209556360637612,0.3120594617023807
sklearn,security,-0.061952753900099855,0.3325665168584652,0.3945192707585651
sklearn,selection,-0.027401676290156524,0.40971099330947003,0.4371126695996266
sklearn,extra,0.06607975694635738,0.4061255082370125,0.3400457512906551
sklearn,validations,-0.10817690469642956,0.31806581416271407,0.4262427188591436
sklearn,str,0.002366670160502339,0.2793290590772426,0.27696238891674024
sklearn,custom,0.006030793183650831,0.17219070740512638,0.16615991422147555
sklearn,dependencies,0.01113493896842843,0.46431042499433295,0.4531754860259045
sklearn,fixtures,0.05003598239367601,0.44972711868426596,0.39969113629058994
src,/_,-0.13495524144613996,-0.1826995594605176,-0.047744318014377646
src,docs,-0.05331541409763839,0.04945018112505542,0.10276559522269381
src,310,0.026823548696703312,0.009650586793767135,-0.017172961902936178
src,init,-0.011147649195200554,0.044391017056000986,0.05553866625120154
src,__.,0.039356154451054864,0.048848474566829704,0.00949232011577484
src,/__,0.09568963130863326,0.09024212359602636,-0.005447507712606894
src,plot,-0.0524974257415581,-0.04672784699469507,0.005769578746863027
src,examples,-0.10037656168193303,-0.017037809598134123,0.0833387520837989
src,testing,-0.027617362472202287,0.05761950547394697,0.08523686794614926
src,001,0.11261665490703446,0.12926148799551782,0.016644833088483357
src,params,0.07198101857260585,0.2561317731125906,0.18415075453998475
src,model,0.025737283038297688,0.03760825875132719,0.011870975713029499
src,utils,-0.09465492079777821,0.01694436404721476,0.11159928484499297
src,scripts,-0.04536669204940373,0.17060746192711582,0.21597415397651953
src,response,0.010366616007004134,0.21655742578125725,0.2061908097742531
src,an,0.029458817993952013,0.08235977267501947,0.05290095468106745
src,002,0.11476806617537053,0.11982070281512916,0.005052636639758634
src,example,-0.05380463891926942,-0.019713939226908336,0.03409069969236109
src,request,0.10425624494622678,0.286063373035357,0.18180712808913024
src,003,0.08462484890764785,0.13192550349414012,0.04730065458649227
src,pytest,-0.06751798346239288,0.07134877465823318,0.13886675812062604
src,linear,0.016897600924918845,0.09097896019801928,0.07408135927310043
src,query,-0.1251988747517554,-0.050450076151627055,0.07474879860012834
src,path,-0.046245125660074535,-0.003202137649604881,0.04304298801046966
src,cluster,-0.1466341298185155,0.08133017199918047,0.22796430181769597
src,api,-0.11823568360693669,-0.08147763073271108,0.03675805287422561
src,body,-0.05161557261292107,-0.041738656199546274,0.0098769164133748
src,benchmarks,-0.008040900091451983,0.17298116331735686,0.18102206340880883
src,externals,0.019751329943930487,0.1702198402932389,0.15046851034930842
src,models,-0.04268380035812668,-0.008544479205978877,0.03413932115214781
src,app,-0.031963439219462944,-0.011176781841917385,0.020786657377545557
src,array,0.0928390000014314,0.13547731571367938,0.04263831571224798
src,ensemble,-0.004387200874875326,0.036311170513708246,0.04069837138858357
src,security,0.012919290624578746,0.2187518170609224,0.20583252643634364
src,selection,-0.0715346511582096,0.1352526613674301,0.2067873125256397
src,extra,0.04063830738522667,0.12205468226090462,0.08141637487567795
src,validations,-0.050750135122995296,-0.013512588878509512,0.03723754624448578
src,str,0.019770433524455486,0.1895106347210475,0.16974020119659203
src,custom,-0.06424488860492993,0.1336270280320545,0.19787191663698445
src,dependencies,-0.029060426324891597,0.17354347285171656,0.20260389917660815
src,fixtures,-0.030970807825218806,0.17921773041976066,0.21018853824497946
/_,docs,0.05245152155999468,0.01406377128347357,-0.03838775027652111
/_,310,0.18834390726000072,0.19023929470409476,0.0018953874440940377
/_,init,0.09831556113990957,0.06009118547201454,-0.03822437566789503
/_,__.,-0.08584959535621832,0.0427090757357004,0.1285586710919187
/_,/__,-0.009474118302718496,0.11496541844431206,0.12443953674703055
/_,plot,-0.12660963020338611,-0.15233827489945195,-0.02572864469606584
/_,examples,0.0019402021405784458,-0.08798478634463121,-0.08992498848520965
/_,testing,-0.015070962574483805,-0.07948412154346615,-0.06441315896898235
/_,001,-0.02827115801358019,-0.01989367583989798,0.00837748217368221
/_,params,-0.10039053987487834,-0.181908558402337,-0.08151801852745866
/_,model,-0.009379706513091756,-0.08139922470987722,-0.07201951819678547
/_,utils,-0.045431774807213644,-0.11689010395623874,-0.07145832914902508
/_,scripts,0.07171890651437583,-0.04323450674006685,-0.11495341325444268
/_,response,0.035924258597183754,-0.042844147493056935,-0.07876840609024069
/_,an,-0.015663311414766613,-0.05908622526869804,-0.04342291385393143
/_,002,0.15760945942343407,0.17151193203279463,0.013902472609360561
/_,example,-0.0923346686090955,-0.11684584355945389,-0.024511174950358386
/_,request,-0.15177873268713157,-0.17456055364775697,-0.022781820960625393
/_,003,-0.07787742887372684,-0.05173625454617706,0.026141174327549782
/_,pytest,0.1616820821132936,0.029936470512353132,-0.13174561160094048
/_,linear,-0.08460553187534174,-0.13061981921839141,-0.04601428734304967
/_,query,0.08705023476127297,0.04642978992834394,-0.04062044483292902
/_,path,-0.14786838980721184,-0.17002748975196114,-0.022159099944749294
/_,cluster,-0.057492635928065965,-0.13328517943979853,-0.07579254351173256
/_,api,0.0002483487400774406,-0.024592270514709365,-0.024840619254786804
/_,body,0.018050695672302986,0.029765686223717714,0.011714990551414728
/_,benchmarks,-0.08724086035538259,-0.1504973210346118,-0.06325646067922922
/_,externals,-0.08070826604374,-0.1539866090752507,-0.07327834303151069
/_,models,0.05271866328999061,0.00529964269165309,-0.04741902059833752
/_,app,0.10149472260551479,0.05349457648070828,-0.048000146124806506
/_,array,0.04133293115664241,0.01070213066949155,-0.03063080048715086
/_,ensemble,-0.15078917334701014,-0.1700621602359343,-0.01927298688892415
/_,security,-0.09516841519836826,-0.14423762930807382,-0.049069214109705564
/_,selection,-0.1396711911127911,-0.20363810384657466,-0.06396691273378355
/_,extra,-0.028278774048320666,-0.097714772955076,-0.06943599890675534
/_,validations,0.011669078219130163,-0.0871696683545242,-0.09883874657365435
/_,str,-0.014303171896369869,-0.0778732902819703,-0.06357011838560044
/_,custom,-0.15994078980556248,-0.19504169886202533,-0.03510090905646285
/_,dependencies,-0.018452973251347128,-0.08220027175499664,-0.06374729850364952
/_,fixtures,-0.0800747847758951,-0.13535617974442318,-0.05528139496852809
docs,310,-0.028844036180572703,-0.06132032824601658,-0.032476292065443876
docs,init,0.017169443248121214,0.05820016529037841,0.04103072204225719
docs,__.,0.07658883435241608,0.08641187734582557,0.009823042993409498
docs,/__,-0.1745442876197134,-0.13698832019794613,0.03755596742176728
docs,plot,-0.025290445697103463,-0.01168726488288836,0.013603180814215103
docs,examples,0.08199265776988353,0.12217345253476591,0.040180794764882385
docs,testing,0.032350766489222804,0.072246527466311,0.03989576097708819
docs,001,-0.027601958033486976,-0.01416030114545731,0.013441656888029667
docs,params,-0.1786850885576651,-0.07624565243214379,0.10243943612552131
docs,model,0.008416120950048712,0.148675722668068,0.1402596017180193
docs,utils,0.13657502903596222,0.1565791310548054,0.020004102018843173
docs,scripts,0.023997001484905755,0.16003513198707411,0.13603813050216837
docs,response,-0.03058467520081742,0.1197043594643398,0.15028903466515722
docs,an,-0.09141856821886728,-0.038942316646759255,0.05247625157210802
docs,002,-0.023481091467139625,-0.0156815842455412,0.007799507221598424
docs,example,0.029012831725629205,0.04977123890240173,0.020758407176772527
docs,request,-0.10494607788571464,-0.040848477242214444,0.0640976006435002
docs,003,0.019403677606989925,0.02595895657808938,0.0065552789710994555
docs,pytest,-0.1287058952372191,-0.07062594835138883,0.058079946885830264
docs,linear,-0.045526649789744494,0.03445681025328594,0.07998346004303043
docs,query,-0.12191467674656167,-0.08668783036798812,0.035226846378573554
docs,path,-0.08187571131880145,-0.05903351654471776,0.02284219477408369
docs,cluster,-0.0802409233812809,0.04797566625810626,0.12821658963938715
docs,api,0.0619963453388545,0.07013102754485677,0.008134682206002268
docs,body,0.044927718231262626,0.1762399950729035,0.13131227684164087
docs,benchmarks,-0.03792162641065047,0.08183390260255367,0.11975552901320415
docs,externals,0.06296050674542374,0.08018679490138815,0.017226288155964414
docs,models,-0.13567792316835325,0.03389733527941778,0.16957525844777105
docs,app,-0.1529454918729853,-0.13564593844170514,0.017299553431280174
docs,array,0.08389626213576272,0.087290184019136,0.0033939218833732854
docs,ensemble,0.06450657348087441,0.09683975818871288,0.03233318470783847
docs,security,-0.025470895701671385,0.09521403059463023,0.1206849262963016
docs,selection,0.0009965982297518135,0.15394930239347437,0.15295270416372256
docs,extra,-0.0036904655946288934,0.01759376968641852,0.021284235281047413
docs,validations,0.013981855383853043,0.14885495336633908,0.13487309798248603
docs,str,0.04473210599888928,0.06062838003722838,0.015896274038339105
docs,custom,-0.17370649013449757,-0.01702460117351374,0.15668188896098384
docs,dependencies,-0.05735300576680066,0.13213766921515493,0.1894906749819556
docs,fixtures,-0.07127459583654666,-0.011915120256185662,0.059359475580361
310,init,-0.010013643132241052,-0.008495100950833308,0.0015185421814077442
310,__.,-0.1088036907208241,-0.079099383687551,0.029704307033273106
310,/__,0.04718374221572592,0.06157176162703014,0.014388019411304222
310,plot,-0.11266113851289565,-0.1400617008633097,-0.027400562350414062
310,examples,-0.13674934425129337,-0.19269048648788942,-0.05594114223659605
310,testing,-0.018352749191134193,-0.06202008184541839,-0.0436673326542842
310,001,-0.09837295681313397,0.024484986014003337,0.12285794282713731
310,params,-0.009495513428502349,-0.09224411509888451,-0.08274860167038217
310,model,-0.005213181371073008,-0.07260722335831896,-0.06739404198724595
310,utils,0.0546704022007386,-0.003575800125678995,-0.05824620232641759
310,scripts,0.015267341252466845,-0.04720170566423822,-0.06246904691670506
310,response,-0.09991573231509085,-0.13894329473468683,-0.039027562419595985
310,an,0.03558015976007831,-0.01352463169494708,-0.049104791455025394
310,002,0.170660238904372,0.2703650290882224,0.0997047901838504
310,example,-0.14636113524770877,-0.18194626236545441,-0.03558512711774564
310,request,0.07994101792563672,0.04013000157043023,-0.039811016355206494
310,003,0.01477834067811942,0.12831610335851912,0.1135377626803997
310,pytest,0.09824179791486282,-0.007737159577439045,-0.10597895749230186
310,linear,-0.005656927515356618,-0.05155846611985841,-0.045901538604501795
310,query,0.014259213883293804,0.009958443539042135,-0.0043007703442516695
310,path,-0.07753690298203582,-0.09819254367977472,-0.020655640697738897
310,cluster,0.03715875693856351,-0.04413034558121288,-0.08128910251977639
310,api,-0.020012005547431325,-0.0391587412469905,-0.019146735699559176
310,body,-0.05045217413323001,-0.061726393268128156,-0.011274219134898143
310,benchmarks,-0.060538875899805104,-0.12964710983623046,-0.06910823393642535
310,externals,0.0021546597508520088,-0.07088443569193774,-0.07303909544278975
310,models,-0.15888247509344527,-0.19899117617485984,-0.040108701081414566
310,app,0.0921029714946575,0.05329446882296542,-0.03880850267169208
310,array,-0.025358948633952876,-0.027525582273644638,-0.0021666336396917625
310,ensemble,-0.12881925697307908,-0.15226829932615235,-0.02344904235307327
310,security,-0.11910331665933442,-0.13232962163903597,-0.01322630497970155
310,selection,-0.1399277189321201,-0.18330132943427344,-0.043373610502153326
310,extra,-0.17052537490639946,-0.2039835076007858,-0.03345813269438633
310,validations,0.08400554763675021,-0.018969704475387816,-0.10297525211213802
310,str,-0.11287834381446417,-0.15131185728190655,-0.03843351346744238
310,custom,-0.08020656053871474,-0.12035399906001852,-0.040147438521303785
310,dependencies,0.004242335902653011,-0.06378535191758301,-0.06802768782023602
310,fixtures,0.007210058150227767,-0.03889410261682343,-0.0461041607670512
init,__.,-0.012820870716326531,-0.04019810892171505,-0.027377238205388517
init,/__,-0.04332078758002935,-0.06715508784244756,-0.023834300262418208
init,plot,-0.03448104446007747,0.002382204632697324,0.036863249092774796
init,examples,0.07545837786613228,0.13045733428638973,0.05499895642025744
init,testing,0.000659763718784514,0.2104230539475489,0.2097632902287644
init,001,-0.017370251950958395,0.008963446830432568,0.02633369878139096
init,params,0.05421743492390949,0.12804735816084475,0.07382992323693527
init,model,0.06664862119105626,0.1426364455533972,0.07598782436234093
init,utils,-0.05565042839758151,0.1966926595194467,0.2523430879170282
init,scripts,0.1722025283304677,0.3070692304669213,0.1348667021364536
init,response,0.12483189046099859,0.2472103135465043,0.12237842308550571
init,an,-0.07274224981666293,0.10068902303408549,0.1734312728507484
init,002,-0.035887408849055065,-0.023858419195632252,0.012028989653422813
init,example,0.09918208131440939,0.11085270215620867,0.011670620841799276
init,request,0.1737567043413912,0.2613414232839074,0.08758471894251621
init,003,0.03438832570335849,0.04709956687353418,0.012711241170175691
init,pytest,0.029511784025211627,0.18045860094959038,0.15094681692437875
init,linear,0.14431139697006523,0.35074398954304015,0.20643259257297492
init,query,0.1659765761245955,0.22464588933660554,0.05866931321201005
init,path,-0.2404506594039725,-0.19568679045276569,0.04476386895120682
init,cluster,0.007966228603759081,0.19655574676322207,0.18858951815946298
init,api,-0.0730489472934796,-0.04129585929597679,0.031753087997502816
init,body,0.04319241486838369,0.05027094682647705,0.007078531958093361
init,benchmarks,-0.07970685885332471,0.06225197052978534,0.14195882938311005
init,externals,0.1010465039430969,0.3165775325591908,0.2155310286160939
init,models,0.013940246585587837,0.10700736369499791,0.09306711710941008
init,app,-0.044609454177344715,0.017344619748931426,0.06195407392627614
init,array,-0.14978617710148318,-0.0836168287215962,0.06616934837988697
init,ensemble,0.05267685991776386,0.16397877970487806,0.1113019197871142
init,security,0.006768855229208756,0.23262906835672714,0.2258602131275184
init,selection,-0.07513253219583814,0.20188615093093712,0.27701868312677524
init,extra,-0.13048288001114855,-0.0019410359828123697,0.12854184402833618
init,validations,-0.015399662026992712,0.19099789670530692,0.20639755873229965
init,str,0.034053241706995516,0.10123762481264893,0.06718438310565342
init,custom,-0.11819340218476419,-0.015559975316925817,0.10263342686783837
init,dependencies,0.02239840933673622,0.23772747948991457,0.21532907015317834
init,fixtures,-0.046602418029105336,0.1770136593001362,0.22361607732924155
__.,/__,-0.003962590051648773,0.11948248315591305,0.12344507320756182
__.,plot,0.03457564353829935,0.015893324544796396,-0.018682318993502957
__.,examples,-0.13312874961663446,-0.11610345602477341,0.017025293591861043
__.,testing,-0.1040263300777368,-0.13187607801358028,-0.02784974793584348
__.,001,-0.0160198162803825,-0.009489327796945456,0.006530488483437045
__.,params,0.008711564701826558,-0.029323631515167963,-0.03803519621699452
__.,model,-0.05149697649440812,-0.06037435235741548,-0.00887737586300736
__.,utils,0.08055225971263894,0.026432212084309795,-0.05412004762832914
__.,scripts,-0.06551275447680847,-0.056799791263636025,0.008712963213172449
__.,response,0.06549589665471439,0.012463126995889858,-0.05303276965882453
__.,an,-0.06410847936289249,-0.07671352284946137,-0.012605043486568879
__.,002,0.06587951635978405,0.08547722284881992,0.019597706489035874
__.,example,-0.012376820913728341,-0.039131839675972196,-0.026755018762243857
__.,request,0.06011898163459674,0.025089595570381117,-0.03502938606421562
__.,003,0.1131758160899199,0.1124610905351838,-0.0007147255547361037
__.,pytest,-0.034153539411193645,-0.026856656665511132,0.007296882745682513
__.,linear,-0.1372168223205323,-0.1521219223741859,-0.014905100053653586
__.,query,-0.08554677952113353,-0.10170631719093778,-0.016159537669804255
__.,path,0.039041463439017335,-0.003632315349905925,-0.04267377878892326
__.,cluster,0.05684940781752879,0.011805064818119734,-0.04504434299940906
__.,api,0.04163988453841748,0.014670408623674367,-0.026969475914743114
__.,body,0.004325653647334031,0.011470654973488398,0.007145001326154367
__.,benchmarks,-0.006510744933746807,-0.023772439972582472,-0.017261695038835664
__.,externals,-0.13993534798947932,-0.15466306775968863,-0.014727719770209313
__.,models,-0.060362249396477316,-0.04878806379926383,0.011574185597213488
__.,app,0.0949057387281874,0.06109377804488421,-0.033811960683303194
__.,array,-0.06061243923145593,-0.07986726104910791,-0.01925482181765198
__.,ensemble,0.15308728282550774,0.08451412610534954,-0.0685731567201582
__.,security,-0.010051954800857932,-0.031084279693991627,-0.021032324893133697
__.,selection,0.14462705444692275,0.06670993965223555,-0.0779171147946872
__.,extra,-0.07200363670835508,-0.11156215933777881,-0.039558522629423734
__.,validations,-0.2236259793022924,-0.2136281998136139,0.009997779488678499
__.,str,-0.11709428914866271,-0.1216934086572232,-0.004599119508560484
__.,custom,0.15889322323825902,0.11805070963958568,-0.040842513598673344
__.,dependencies,0.17221738444075355,0.10682975720528473,-0.06538762723546881
__.,fixtures,0.016211331753873178,-0.017908874579793593,-0.034120206333666775
/__,plot,0.022531658813767872,-0.010412241778114303,-0.03294390059188217
/__,examples,-0.027417887605220397,-0.019317807493617528,0.008100080111602868
/__,testing,-0.14115870170456474,-0.13831239178444024,0.0028463099201244957
/__,001,-0.08030685954427742,-0.07439211005377841,0.005914749490499013
/__,params,0.07231944074413618,0.033408601990374466,-0.038910838753761716
/__,model,0.039735024572835516,0.022517640635801753,-0.017217383937033762
/__,utils,-0.06184136985622373,-0.10892507096198165,-0.047083701105757915
/__,scripts,0.00630213543516719,-0.026452625455695367,-0.03275476089086256
/__,response,0.1313052870907548,0.08923883906299179,-0.04206644802776302
/__,an,0.047266655286030065,0.02629649527441873,-0.020970160011611335
/__,002,0.11557647027834696,0.13093819891312,0.015361728634773045
/__,example,0.005609350900348469,0.017698203479498003,0.012088852579149535
/__,request,-0.007704649071340274,-0.011049636236608191,-0.003344987165267917
/__,003,0.04562672426139498,0.052095496706142365,0.006468772444747382
/__,pytest,-0.04163357914730778,-0.031786633949270865,0.009846945198036916
/__,linear,0.059259673601845274,0.022246654654959477,-0.0370130189468858
/__,query,0.003883154186682378,0.0007595768334057274,-0.0031235773532766508
/__,path,-0.03358655387585478,-0.04562265284700945,-0.012036098971154666
/__,cluster,0.1889579025323777,0.12387441031529998,-0.06508349221707772
/__,api,-0.06645248949443024,-0.06593854489459214,0.0005139445998380981
/__,body,0.182898009750313,0.17287392782204072,-0.010024081928272283
/__,benchmarks,0.25234949162938153,0.19528058117189262,-0.05706891045748891
/__,externals,0.008705554079737823,0.007904639636179552,-0.0008009144435582715
/__,models,0.0441918082834822,0.06846299954041253,0.02427119125693033
/__,app,0.1039544690393919,0.10190556622744851,-0.0020489028119433927
/__,array,-0.08518780148604765,-0.07243741191902003,0.01275038956702762
/__,ensemble,-0.061618229018546126,-0.04754791211103023,0.014070316907515895
/__,security,-0.03072649514458965,-0.026057222532783683,0.004669272611805966
/__,selection,-0.10397937605401365,-0.0818092660703651,0.02217010998364856
/__,extra,0.1330317343832588,0.09511794285532552,-0.03791379152793328
/__,validations,-0.17335652637529567,-0.15085563397141993,0.022500892403875733
/__,str,-0.014098590820862527,-0.01964143195286665,-0.005542841132004124
/__,custom,-0.007399289646598888,-0.010926558949901471,-0.003527269303302583
/__,dependencies,0.026289300933116592,0.014983049155249055,-0.011306251777867538
/__,fixtures,0.007168499378677916,-0.0061917944145161285,-0.013360293793194044
plot,examples,-0.0616075114892404,0.18851145505864933,0.25011896654788973
plot,testing,0.11553544465278527,0.1593013812858218,0.04376593663303653
plot,001,-0.09894013356437888,-0.09061768950300984,0.008322444061369033
plot,params,0.06473076959934332,0.16082771828357076,0.09609694868422744
plot,model,0.07129819858016852,0.21539066125585662,0.1440924626756881
plot,utils,-0.016536365870952467,0.1323427331295321,0.14887909900048457
plot,scripts,-0.044032941484357845,0.1584885871120199,0.20252152859637776
plot,response,-0.028532650966555904,0.15542652515128746,0.18395917611784338
plot,an,0.01504730868357518,0.12498729254092922,0.10993998385735404
plot,002,-0.070771451256306,-0.05023593670677064,0.020535514549535366
plot,example,0.12088235207025053,0.2888944405684208,0.16801208849817026
plot,request,-0.09101679576991711,0.012654139821557627,0.10367093559147474
plot,003,0.07756467563494997,0.032404369807252496,-0.04516030582769747
plot,pytest,-0.08713718988030544,0.16313064814344133,0.25026783802374675
plot,linear,0.016332007683678713,0.1441441595676937,0.12781215188401499
plot,query,-0.009417828675012547,0.05219656332113927,0.06161439199615182
plot,path,-0.030287353905690245,0.16651251850735188,0.19679987241304212
plot,cluster,0.010316000090054206,0.2173811681649755,0.20706516807492129
plot,api,-0.06552581963124443,0.014459668471655402,0.07998548810289983
plot,body,0.03539165132819334,0.06902810526988028,0.03363645394168694
plot,benchmarks,0.04933849873870837,0.179438834955407,0.13010033621669864
plot,externals,0.006290829634359999,0.23664493007861376,0.23035410044425375
plot,models,-0.09668396358567544,0.10391059591521157,0.200594559500887
plot,app,-0.09487358963427651,0.10815843311417651,0.20303202274845303
plot,array,-0.022164846390147114,0.04326163970097479,0.06542648609112191
plot,ensemble,-0.005471073386997316,0.11183122482778643,0.11730229821478375
plot,security,-0.12344816997356992,-0.008713793189387854,0.11473437678418207
plot,selection,0.06364349483390518,0.272328088010871,0.2086845931769658
plot,extra,0.11296092652714924,0.20212073618869275,0.08915980966154351
plot,validations,-0.09298032602036373,0.14732027877347295,0.2403006047938367
plot,str,0.02536700719815867,0.07704217989430803,0.051675172696149366
plot,custom,0.015766156234901553,0.17624960446495838,0.16048344823005684
plot,dependencies,-0.14242364671519056,0.030906104563808993,0.17332975127899955
plot,fixtures,0.015866188481974276,0.0984544301741019,0.08258824169212761
examples,testing,0.2237180386782227,0.37241474926383034,0.14869671058560763
examples,001,-0.016720654882462598,-0.016922589446307472,-0.0002019345638448744
examples,params,-0.026825299438640735,0.313202032318021,0.3400273317566618
examples,model,0.0406972321201822,0.24239408066300025,0.20169684854281805
examples,utils,0.033041988029914655,0.31507809255516056,0.2820361045252459
examples,scripts,0.08498357622168295,0.2929365716306268,0.20795299540894385
examples,response,0.14032928126627078,0.45258276549343934,0.3122534842271686
examples,an,0.010373063072320174,0.2811202710156469,0.27074720794332674
examples,002,0.011178980080065582,0.010284867796555137,-0.000894112283510445
examples,example,0.04051818267794251,0.3125084951291603,0.2719903124512178
examples,request,-0.07047976972999315,0.13252420089952624,0.2030039706295194
examples,003,-0.1533147529103582,-0.12910518073833085,0.02420957217202735
examples,pytest,0.016145865638073673,0.39881509240254986,0.3826692267644762
examples,linear,-0.14210077520632394,0.2651586188687034,0.4072593940750273
examples,query,0.025162154813038153,0.1030783877968983,0.07791623298386015
examples,path,0.015140795041570431,0.23488802486819932,0.2197472298266289
examples,cluster,-0.012101249724735471,0.37754047998212215,0.3896417297068576
examples,api,0.06808809761255114,0.2497964628850788,0.18170836527252768
examples,body,0.08236278488554556,0.12065383517960251,0.03829105029405695
examples,benchmarks,-0.011584249650019939,0.37583077583171404,0.38741502548173395
examples,externals,-0.006194903348281351,0.42552552183802184,0.4317204251863032
examples,models,0.007433422063027562,0.28249098534163714,0.2750575632786096
examples,app,0.007808749386909144,0.28823486203293763,0.2804261126460285
examples,array,0.014737663748200066,0.08883727179236126,0.07409960804416119
examples,ensemble,0.051319866541702924,0.39647705350410295,0.34515718696240005
examples,security,-0.028899585875528162,0.16346639514438888,0.19236598101991703
examples,selection,-0.050631812671827967,0.3601353608759707,0.4107671735477987
examples,extra,0.013721489715543994,0.35976422744672304,0.34604273773117905
examples,validations,-0.018271996426954047,0.3858703483969919,0.40414234482394595
examples,str,0.06023878199768471,0.15331441653784644,0.09307563454016174
examples,custom,0.02594476235267612,0.1817255708092007,0.1557808084565246
examples,dependencies,-0.039224835515932206,0.36136899784453064,0.40059383336046284
examples,fixtures,-0.02769472266000556,0.2843024256020042,0.31199714826200975
testing,001,0.03142498355343072,0.04875083016649616,0.017325846613065438
testing,params,-0.003418570029316673,0.20950585169421554,0.2129244217235322
testing,model,0.05462050650872964,0.15747706499489583,0.10285655848616619
testing,utils,0.12480263606182082,0.41829267516877855,0.2934900391069577
testing,scripts,-0.053473463204473694,0.2704121851720705,0.3238856483765442
testing,response,-0.09160437050518287,0.29409203178607785,0.38569640229126073
testing,an,0.1331618333053937,0.31848887690352495,0.18532704359813126
testing,002,-0.10914507026267824,-0.09854681350409479,0.010598256758583446
testing,example,0.032791453006718776,0.12474949338051505,0.09195804037379628
testing,request,-0.08487577687808454,0.22610045908950055,0.31097623596758506
testing,003,-0.026308342519838938,-0.005951818590096558,0.02035652392974238
testing,pytest,0.0017901723113628498,0.326908340805862,0.32511816849449915
testing,linear,-0.09818079793773668,0.22943348533423383,0.3276142832719705
testing,query,-0.10878238348736473,-0.004948001621125049,0.10383438186623968
testing,path,-0.003662280520688428,0.04468762240620667,0.048349902926895096
testing,cluster,0.02573721077125077,0.3478314662044483,0.32209425543319753
testing,api,0.0625585578111265,0.10064710891971235,0.03808855110858585
testing,body,-0.12401503163471596,-0.10112352445744457,0.022891507177271384
testing,benchmarks,-0.04237777951239089,0.22765498764225794,0.27003276715464886
testing,externals,-0.07260492012621407,0.30647597911516317,0.3790808992413772
testing,models,0.05924773561239362,0.16920931027874944,0.10996157466635582
testing,app,-0.07531635375328376,0.03288421964670474,0.1082005733999885
testing,array,0.0442660761237683,0.08231549330034417,0.03804941717657587
testing,ensemble,0.04662399645802296,0.30917894674539564,0.2625549502873727
testing,security,-0.1528564475117968,0.15938399713348556,0.31224044464528233
testing,selection,0.05142677976404296,0.3465675536842651,0.29514077392022214
testing,extra,-0.004124126364788311,0.2631620279872917,0.26728615435208003
testing,validations,0.023374965352992213,0.2863273554857448,0.26295239013275257
testing,str,0.036072814531209176,0.2558073459506517,0.21973453141944252
testing,custom,-0.027428536422240253,0.10084486747454034,0.1282734038967806
testing,dependencies,-0.057991498919834066,0.27790829621718793,0.335899795137022
testing,fixtures,0.04235795782767751,0.31817640439744027,0.27581844656976273
001,params,-0.08276309020731566,-0.04844217946390226,0.0343209107434134
001,model,-0.017789498537453836,-0.025856679438079972,-0.008067180900626136
001,utils,0.029626296308037814,0.032750453317728155,0.003124157009690341
001,scripts,0.0431338724567424,0.039324276896601534,-0.003809595560140863
001,response,0.06375180619354194,0.07428706364469777,0.010535257451155827
001,an,0.07523857413122637,0.0876914112560647,0.012452837124838328
001,002,-0.023305834457948343,0.08952816756398457,0.11283400202193292
001,example,0.10622499074972151,0.07172073645997995,-0.03450425428974156
001,request,0.060389055511418904,0.092514927824215,0.032125872312796094
001,003,-0.06082320267937152,0.04539687650817137,0.10622007918754289
001,pytest,-0.09700982870991359,-0.03230425890894446,0.06470556980096914
001,linear,-0.06354464558244637,0.0005219442569063225,0.06406658983935269
001,query,0.10308019189382703,0.1275542622393464,0.024474070345519378
001,path,0.029486949354342522,0.027982189481180312,-0.0015047598731622105
001,cluster,0.0063228951323742125,0.03226196970176107,0.025939074569386857
001,api,-0.11275613642685457,-0.10104998729804075,0.01170614912881382
001,body,-0.0028250340231597156,-0.009315476121443643,-0.006490442098283927
001,benchmarks,0.014621483881517908,0.029478002419287927,0.014856518537770019
001,externals,-0.09770469688875325,-0.011261970277206445,0.0864427266115468
001,models,-0.08141896253115888,-0.08929617533220621,-0.007877212801047334
001,app,0.05004946666764735,0.06245528994833834,0.012405823280690995
001,array,0.05172465464412762,0.07291256010903409,0.021187905464906467
001,ensemble,-0.021479690455589836,-0.02038947336133516,0.0010902170942546745
001,security,0.15127378573942843,0.154504435204537,0.003230649465108565
001,selection,-0.00405494554456465,0.019233959018629128,0.02328890456319378
001,extra,-0.020859667308562046,0.02070432907799516,0.04156399638655721
001,validations,0.13032723825605105,0.10308333050628835,-0.027243907749762708
001,str,-0.10548447484726528,-0.07533996183019546,0.030144513017069816
001,custom,-0.07883881525199753,-0.05830627918754529,0.02053253606445224
001,dependencies,-0.12807837947324935,-0.07653213409824373,0.051546245375005614
001,fixtures,0.13327305205888967,0.13136031117837893,-0.0019127408805107438
params,model,0.036345083714929685,0.10609664082205342,0.06975155710712373
params,utils,0.04110960211862003,0.2503596842121361,0.2092500820935161
params,scripts,-0.024419787998177983,0.32841338737168746,0.35283317536986547
params,response,0.05361035614873151,0.38063571117109263,0.32702535502236113
params,an,0.0562910150593274,0.28507811928313076,0.22878710422380336
params,002,-0.021057339596523818,-0.025520172709196168,-0.00446283311267235
params,example,-0.02610844941868686,0.2035548076093278,0.22966325702801466
params,request,0.042570778468595395,0.3248198816554773,0.2822491031868819
params,003,0.027996900819026345,0.04429430385629092,0.016297403037264575
params,pytest,0.051225229098839774,0.4070143610270829,0.35578913192824313
params,linear,0.03860768667169557,0.33363521980536387,0.2950275331336683
params,query,-0.047032732199548705,0.03013243100098981,0.07716516320053851
params,path,0.07385212156160804,0.2566787598734904,0.1828266383118824
params,cluster,-0.0118984920736751,0.3699401490045098,0.3818386410781849
params,api,-0.06896343493293523,0.14720977939450716,0.2161732143274424
params,body,0.037242109677605786,0.056006594999690115,0.01876448532208433
params,benchmarks,0.058596839842349015,0.4070501099125018,0.34845327007015275
params,externals,-0.034574388164452574,0.380043571104858,0.41461795926931055
params,models,-0.04594321043056296,0.20284509111120969,0.24878830154177264
params,app,-0.018174251133685083,0.22640134152397287,0.24457559265765796
params,array,-0.05514925483773011,0.1401467911259763,0.19529604596370642
params,ensemble,0.021733230612313147,0.266882883354469,0.2451496527421559
params,security,0.007892342399489357,0.31378885758595604,0.30589651518646666
params,selection,0.03415010963077319,0.3372116810476572,0.303061571416884
params,extra,0.012086097900633053,0.33681706790519245,0.3247309700045594
params,validations,0.027371359517966147,0.33166749090893144,0.3042961313909653
params,str,-0.00034476727916913724,0.2766247880166222,0.27696955529579137
params,custom,0.14615210236845794,0.4020977729978041,0.25594567062934614
params,dependencies,0.01938841706503456,0.3804130431960521,0.36102462613101755
params,fixtures,0.05761094449957061,0.38081500539216345,0.32320406089259285
model,utils,0.12352542652472782,0.22556292558397759,0.10203749905924976
model,scripts,-0.0719598508960375,0.05376460046560698,0.12572445136164448
model,response,-0.02722983140743913,0.22291401269702776,0.2501438441044669
model,an,-0.12267976878329254,-0.0277421631005647,0.09493760568272784
model,002,0.04463214861284742,0.04046969156126683,-0.004162457051580595
model,example,-0.07376457691409301,0.11319001173164846,0.18695458864574147
model,request,-0.014690762442593592,0.050458689734424224,0.06514945217701781
model,003,0.01012718760405983,0.005643519717423796,-0.004483667886636033
model,pytest,-0.10366673116333538,0.03293290418160255,0.13659963534493794
model,linear,-0.07657738120837708,0.15757398433454264,0.2341513655429197
model,query,0.1350197645345103,0.14700598632895293,0.011986221794442614
model,path,-0.18836189814544307,-0.1200272496080457,0.06833464853739737
model,cluster,0.10322935726019569,0.30897228340601895,0.20574292614582326
model,api,-0.1346678698055797,-0.06556985421610782,0.06909801558947189
model,body,-0.04936338251248538,0.1229184807898873,0.1722818633023727
model,benchmarks,-0.10156546577322051,0.10502450322686939,0.2065899690000899
model,externals,0.12932090386653236,0.28964192216229684,0.16032101829576448
model,models,-0.0024375319448675828,0.22103153234865477,0.22346906429352237
model,app,-0.13719599059647936,-0.08598858601685352,0.05120740457962583
model,array,-0.10896286809334965,-0.08324893931084307,0.025713928782506584
model,ensemble,0.04048803414591499,0.2352808045215498,0.19479277037563483
model,security,-0.02444908206923454,0.05229140734573639,0.07674048941497093
model,selection,-0.057524207024565316,0.1931489948193242,0.2506732018438895
model,extra,0.049550169360693334,0.11781692041102541,0.06826675105033209
model,validations,0.054418103540695525,0.2501406348759141,0.19572253133521855
model,str,-0.046828873693184926,0.014886549060448666,0.06171542275363359
model,custom,-0.20510050009498815,-0.012176498373280359,0.1929240017217078
model,dependencies,0.023179697547895717,0.23823503746653807,0.21505533991864234
model,fixtures,-0.005214636535654574,0.0943474689943353,0.09956210552998987
utils,scripts,0.049405288889739815,0.36870406655691856,0.31929877766717873
utils,response,0.06782595965597757,0.3700054987918254,0.30217953913584783
utils,an,0.10926777489810743,0.24682187842950057,0.13755410353139313
utils,002,0.04326381007366962,0.02698315933597348,-0.016280650737696137
utils,example,-0.19608162195947973,-0.03629807747971353,0.1597835444797662
utils,request,0.04523386014320793,0.3237788478660083,0.27854498772280034
utils,003,-0.037864427691578995,-0.0022016374862582956,0.0356627902053207
utils,pytest,0.007059736080534615,0.34565912547837524,0.3385993893978406
utils,linear,-0.07085777425444104,0.2577081974233005,0.3285659716777415
utils,query,-0.0005379120647863834,0.09742869815003846,0.09796661021482485
utils,path,0.004290706722402813,0.04828197595668637,0.04399126923428355
utils,cluster,-0.22356671946908957,0.2169577951376036,0.4405245146066932
utils,api,-0.043400020775746284,0.0017622700256044437,0.04516229080135073
utils,body,-0.15391911887250545,-0.10455418071575466,0.04936493815675079
utils,benchmarks,0.13089738827330022,0.26561450993624847,0.13471712166294825
utils,externals,-0.028443123715556674,0.3315192671377731,0.35996239085332976
utils,models,-0.12357087280884152,0.11336530441373023,0.23693617722257176
utils,app,0.0034827933754572665,0.06336737191161376,0.059884578536156495
utils,array,-0.08994102336712033,-0.051529818648108704,0.038411204719011625
utils,ensemble,0.21018145307433192,0.40391377391616906,0.19373232084183714
utils,security,-0.06606473396372653,0.233474570141792,0.29953930410551854
utils,selection,0.05234617123524599,0.3754756942951145,0.32312952305986853
utils,extra,0.17327178884977096,0.2994848884914151,0.12621309964164412
utils,validations,0.0780242201459617,0.33335432572066587,0.25533010557470415
utils,str,-0.0540409347124094,0.22154798079273078,0.2755889155051402
utils,custom,-0.052382409586203854,0.1898368794097151,0.24221928899591896
utils,dependencies,-0.06051062848763444,0.2924143145085504,0.3529249429961848
utils,fixtures,0.13491596012178586,0.40929834504570417,0.2743823849239183
scripts,response,0.06040608070096013,0.42875833404681385,0.3683522533458537
scripts,an,-0.03316021992658839,0.16086524461309412,0.1940254645396825
scripts,002,-0.00027242499579275674,-0.01976758653433231,-0.019495161538539554
scripts,example,0.07885682991847118,0.15202523658560566,0.07316840666713448
scripts,request,0.057996359725942616,0.3805672523654719,0.32257089263952926
scripts,003,-0.14184302017756478,-0.0735563280480742,0.06828669212949058
scripts,pytest,0.016953977715119875,0.3977004591174873,0.38074648140236744
scripts,linear,-0.14369334741966588,0.14863209877545855,0.29232544619512446
scripts,query,0.15037869882292074,0.1950369425556584,0.04465824373273766
scripts,path,-0.12935088101462305,0.06736958049359701,0.19672046150822006
scripts,cluster,-0.11468314755228062,0.2958066313743798,0.4104897789266604
scripts,api,-0.1151294446859753,0.05414827266602467,0.16927771735199998
scripts,body,-0.0793571578859343,-0.05501412678230662,0.024343031103627677
scripts,benchmarks,-0.0030010615167259305,0.33835954416752556,0.3413606056842515
scripts,externals,-0.13440036115297263,0.31120106378378565,0.44560142493675825
scripts,models,-0.035336801930305556,0.08625629673394303,0.12159309866424858
scripts,app,-0.10097583564758245,0.09852017050155358,0.19949600614913604
scripts,array,0.11041428921444865,0.1868635579500974,0.07644926873564875
scripts,ensemble,0.01138253095176481,0.20100782616001572,0.18962529520825092
scripts,security,0.08859374704033102,0.376220312955447,0.287626565915116
scripts,selection,0.13537018326095482,0.4540735601474685,0.31870337688651373
scripts,extra,-0.009098569368334803,0.31497593560904097,0.3240745049773758
scripts,validations,-0.027449644634479218,0.245063807676429,0.27251345231090823
scripts,str,0.006075720852073269,0.28424198988283456,0.2781662690307613
scripts,custom,0.002570540036250361,0.2861457431994237,0.28357520316317336
scripts,dependencies,0.09977004184789548,0.4031335037805414,0.30336346193264596
scripts,fixtures,0.060813809446749315,0.3881240060438779,0.3273101965971286
response,an,-0.1957184475638852,0.1369948889704123,0.33271333653429747
response,002,-0.09364764794850856,-0.06705582997223097,0.02659181797627759
response,example,-0.0951043062211275,0.08129134741247017,0.17639565363359766
response,request,0.14008969873701677,0.42877022984511215,0.2886805311080954
response,003,0.11413447160871841,0.10081942470246183,-0.01331504690625658
response,pytest,0.015635830830824392,0.4360424776426721,0.42040664681184775
response,linear,-0.026648447982903407,0.33451804815279584,0.36116649613569923
response,query,0.16264644915311235,0.33195715894011785,0.1693107097870055
response,path,0.10913178446458136,0.1527767466581095,0.04364496219352815
response,cluster,0.04791718235845785,0.4715393732399897,0.42362219088153186
response,api,0.0740992077315931,0.10202433674506022,0.02792512901346711
response,body,-0.005258898008176685,-0.004547152219840782,0.0007117457883359024
response,benchmarks,0.042210360960875375,0.4261192514494595,0.3839088904885841
response,externals,-0.09571352116225405,0.4220864108554419,0.5177999320176959
response,models,-0.14644598079991666,0.14588149694853172,0.29232747774844836
response,app,-0.07156363882864383,0.1457994204439197,0.21736305927256352
response,array,0.11656323130312204,0.16998084526776486,0.05341761396464281
response,ensemble,0.09418048362264961,0.3873382733915236,0.29315778976887397
response,security,-0.007101409878398652,0.3694452161293382,0.37654662600773686
response,selection,0.04337159100066746,0.43560621819840467,0.3922346271977372
response,extra,0.08668875920626642,0.41479533963789517,0.32810658043162877
response,validations,-0.11910215849062301,0.2717803055283798,0.3908824640190028
response,str,-0.001555782756976131,0.2808949411876189,0.28245072394459503
response,custom,-0.019143112674587598,0.15298763668282997,0.17213074935741757
response,dependencies,0.2422628690231047,0.541637223105482,0.29937435408237734
response,fixtures,-0.09817258114848829,0.3261399235992298,0.4243125047477181
an,002,0.10157639839483375,0.09030952099772106,-0.011266877397112685
an,example,-0.0023655633372194583,0.20409543882771106,0.20646100216493052
an,request,0.03414486546938932,0.16537341879700593,0.1312285533276166
an,003,-0.03455869467766688,-0.012417353888312152,0.02214134078935473
an,pytest,0.23053795692895102,0.3719775088144827,0.1414395518855317
an,linear,-0.027850633503267712,0.2646152074204479,0.29246584092371564
an,query,0.023536947297022735,0.08946509197718867,0.06592814468016595
an,path,-0.08428687251807782,0.1191542810136689,0.20344115353174672
an,cluster,0.1773662003380483,0.3336773266499139,0.15631112631186558
an,api,0.022490323174916164,0.2036451615796596,0.18115483840474342
an,body,0.0281988093342062,0.02554324424919073,-0.002655565085015469
an,benchmarks,-0.010738672909902216,0.2965019452854692,0.3072406181953714
an,externals,0.12178860122904439,0.39315666526691084,0.27136806403786645
an,models,-0.03557260852112528,0.08394477400285451,0.11951738252397978
an,app,0.09400736130069948,0.3055184188428408,0.21151105754214133
an,array,-0.06764359929687934,0.13810585525998523,0.20574945455686455
an,ensemble,-0.09263960929929363,0.17359420028704847,0.26623380958634213
an,security,0.054400301354090554,0.18638433246703814,0.1319840311129476
an,selection,0.0497517216301225,0.33867152040504866,0.2889197987749262
an,extra,-0.05223198097314134,0.2363103929464689,0.28854237391961024
an,validations,-0.07222044339782552,0.22707484982169002,0.29929529321951553
an,str,-0.08894868054732687,0.013985672241972199,0.10293435278929906
an,custom,0.05545236551041374,0.13803063892650852,0.08257827341609478
an,dependencies,-0.00726843082195289,0.27234061494654754,0.27960904576850043
an,fixtures,0.023205874084857067,0.15127353382806127,0.12806765974320422
002,example,-0.0592730759601878,-0.05541166570072004,0.0038614102594677555
002,request,-0.054658895636214795,-0.04231342350992535,0.012345472126289447
002,003,-0.11320579502883064,0.0115424287452529,0.12474822377408354
002,pytest,0.08268120382786455,0.047981670310434286,-0.03469953351743026
002,linear,-0.01323002942435789,-0.011120756896092224,0.002109272528265666
002,query,-0.014771438248040177,-0.006032343822104911,0.008739094425935266
002,path,0.04485782455784622,0.03349191391879237,-0.011365910639053851
002,cluster,0.07008180522811665,0.03531835411343872,-0.03476345111467793
002,api,-0.13666287488379528,-0.12646535409710047,0.010197520786694808
002,body,0.07866613949662854,0.06713775729028446,-0.011528382206344084
002,benchmarks,-0.0372672383915102,-0.03191141699128838,0.005355821400221818
002,externals,0.12258573161883306,0.08440095364740488,-0.03818477797142818
002,models,-0.020775976348818587,-0.02376370774026888,-0.0029877313914502927
002,app,0.1566297564526875,0.1452945330550444,-0.011335223397643118
002,array,0.0065571027028090275,0.02166883457398113,0.015111731871172103
002,ensemble,-0.016648829514350084,-0.012652401970749226,0.003996427543600857
002,security,-0.06551020144940062,-0.04752824467619406,0.017981956773206555
002,selection,0.03703740741153328,0.01979060452741315,-0.01724680288412013
002,extra,-0.08065474134299494,-0.071958218093981,0.008696523249013946
002,validations,0.02145952886987364,0.026167847690819146,0.0047083188209455056
002,str,-0.06665888718155218,-0.07527831791332844,-0.008619430731776262
002,custom,-0.01229443825626739,-0.022141534639660947,-0.009847096383393556
002,dependencies,0.012177400471502073,0.010809958631072947,-0.001367441840429126
002,fixtures,0.0019436503093317392,0.00098997834244347,-0.0009536719668882692
example,request,-0.053725455672322724,0.025414508533061188,0.07913996420538391
example,003,-0.06115368456989357,-0.07454341926281285,-0.013389734692919285
example,pytest,-0.06125300118864919,0.19509164836479437,0.25634464955344355
example,linear,-0.017789270930884275,0.1964424051959745,0.21423167612685878
example,query,-0.009451834585887506,0.0428571004691352,0.0523089350550227
example,path,-0.026133702247104363,0.1583112655497923,0.18444496779689667
example,cluster,0.1172404249414971,0.24773330593346882,0.1304928809919717
example,api,-0.009709979573603797,0.15619949338216538,0.1659094729557692
example,body,0.19925804886799903,0.19770447620662518,-0.0015535726613738476
example,benchmarks,0.1725802465733473,0.38024994490645914,0.20766969833311183
example,externals,-0.05319810589207252,0.2646658307524849,0.3178639366445574
example,models,0.2044109297670024,0.3655048373497161,0.16109390758271372
example,app,0.06891420902602263,0.26449843958000635,0.19558423055398372
example,array,0.10462862894373405,0.147650532880752,0.04302190393701795
example,ensemble,-0.13397448431388248,0.11747093078089049,0.251445415094773
example,security,-0.15323651853927106,-0.010878121691119506,0.14235839684815155
example,selection,0.03720031439263495,0.20122292861248411,0.16402261421984915
example,extra,0.05013734361484294,0.27979591165611095,0.229658568041268
example,validations,-0.032353064063514465,0.15438232502198596,0.18673538908550041
example,str,-0.062305198570709215,0.009111995119063144,0.07141719368977235
example,custom,-0.06523569040842965,0.032637742780000964,0.09787343318843061
example,dependencies,-0.020514434127132518,0.13486368325508769,0.1553781173822202
example,fixtures,0.1205245918009791,0.17209208871443182,0.05156749691345272
request,003,0.1518940902005147,0.1564686112222188,0.004574521021704109
request,pytest,0.18254463052628425,0.46386589654548105,0.2813212660191968
request,linear,0.07877793271761399,0.2642684214320237,0.18549048871440973
request,query,0.07900949762365103,0.2595039232972552,0.18049442567360416
request,path,-0.11412405489598358,-0.012480577713427586,0.101643477182556
request,cluster,-0.006190803252840664,0.35890682019449643,0.3650976234473371
request,api,0.020625995678621677,0.048131783959522195,0.027505788280900518
request,body,-0.07649334396927991,-0.08528468793691749,-0.008791343967637574
request,benchmarks,-0.007986002309192988,0.31457625433826353,0.3225622566474565
request,externals,-0.04262841946122095,0.3357585387030474,0.37838695816426837
request,models,-0.14949947138633204,-0.01688858614820658,0.13261088523812548
request,app,0.03838988851503618,0.10111574416383476,0.06272585564879858
request,array,0.06946546350517584,0.14670222557663157,0.07723676207145573
request,ensemble,0.015198265601938316,0.15472634567403473,0.1395280800720964
request,security,0.10183193791619956,0.4170536143216597,0.31522167640546017
request,selection,-0.04125114806375057,0.3154412917416141,0.3566924398053647
request,extra,0.032673958087750705,0.32990638568545744,0.29723242759770674
request,validations,-0.017792890110772636,0.14245917114106965,0.1602520612518423
request,str,0.04665187492718054,0.2989445342655715,0.25229265933839096
request,custom,0.055275022564075085,0.2735348282917172,0.21825980572764214
request,dependencies,0.0852712670692035,0.30169971287429326,0.21642844580508974
request,fixtures,0.17230766526975455,0.45037597577568517,0.2780683105059306
003,pytest,-0.039136601327078205,-0.009252078917495087,0.029884522409583118
003,linear,0.07637128426328789,0.09438555383086729,0.0180142695675794
003,query,0.10068035357197337,0.12551425576014832,0.024833902188174953
003,path,-0.10855449022235611,-0.1133698921311988,-0.0048154019088426925
003,cluster,-0.1613530257677161,-0.08093971032221044,0.08041331544550566
003,api,0.158988683593533,0.1257087214787763,-0.0332799621147567
003,body,-0.11599867753991028,-0.11679388212797481,-0.0007952045880645353
003,benchmarks,0.009692237763164063,0.03141117789712922,0.021718940133965154
003,externals,0.04330703503382971,0.060307934171564735,0.017000899137735025
003,models,-0.05289133387103403,-0.06900005765303517,-0.016108723782001143
003,app,-0.013246830503926015,0.010594821676881368,0.02384165218080738
003,array,0.10019733247927488,0.11362068980689512,0.013423357327620233
003,ensemble,-0.0419902698724133,-0.04955294121537676,-0.007562671342963463
003,security,0.2048684402795552,0.21584094258750486,0.01097250230794966
003,selection,0.03297774736504061,0.053396973904595114,0.020419226539554504
003,extra,-0.07125293410731366,-0.04500034388003111,0.026252590227282553
003,validations,-0.05307616855341432,-0.03752405961400753,0.01555210893940679
003,str,-0.02351239855189907,-0.016215549074957293,0.007296849476941775
003,custom,0.06729641137325247,0.06925057493290704,0.0019541635596545676
003,dependencies,0.0939850012012417,0.09525520864480135,0.0012702074435596428
003,fixtures,0.04337295146023197,0.07985354070555872,0.03648058924532675
pytest,linear,0.060057980826510045,0.32545348141138,0.26539550058486994
pytest,query,0.051151644843543655,0.2615576692056021,0.21040602436205844
pytest,path,0.012523932970104363,0.22397995241421814,0.21145601944411377
pytest,cluster,0.1202357864355406,0.49370332422796837,0.37346753779242775
pytest,api,0.07769469682585099,0.14991466107408954,0.07221996424823855
pytest,body,-0.19597185865615935,-0.14170128129411408,0.05427057736204527
pytest,benchmarks,-0.11179847997264637,0.34605407214764716,0.4578525521202935
pytest,externals,0.25436484054375624,0.5828602873363026,0.32849544679254633
pytest,models,-0.0019393612677008846,0.22541182507767077,0.22735118634537166
pytest,app,0.14314229067093012,0.3256759845445995,0.18253369387366938
pytest,array,0.003529971261955434,0.11987277866727969,0.11634280740532425
pytest,ensemble,-0.008852373100666121,0.3119850484844754,0.3208374215851415
pytest,security,0.06530539464886011,0.3853378393064379,0.3200324446575778
pytest,selection,0.03756123956518827,0.4552815183579016,0.41772027879271334
pytest,extra,0.038362774133303225,0.4194746082264546,0.38111183409315136
pytest,validations,-0.02532304516156489,0.30475886056202467,0.33008190572358953
pytest,str,-0.1295136891940937,0.1972738951509494,0.32678758434504307
pytest,custom,-0.040218888211621354,0.2536161262306545,0.29383501444227583
pytest,dependencies,-0.055746641263059254,0.3761078628813368,0.4318545041443961
pytest,fixtures,0.03614370923065482,0.4152615252192977,0.3791178159886429
linear,query,0.04362153786690358,0.23788861109747506,0.19426707323057146
linear,path,-0.017334168052292504,0.06666807261738532,0.08400224066967782
linear,cluster,0.004186706213058703,0.36114322961781903,0.3569565234047603
linear,api,-0.08334644399405006,0.09064585999972966,0.1739923039937797
linear,body,-0.007920656965027896,0.001954179195690418,0.009874836160718315
linear,benchmarks,-0.005727532600610922,0.3219466227978177,0.32767415539842865
linear,externals,0.12394046027365842,0.4829536428889112,0.3590131826152528
linear,models,0.20253359421928108,0.2779188876319027,0.07538529341262162
linear,app,0.00854683367253202,0.2349555133212853,0.22640867964875327
linear,array,0.011219675976727815,0.20821407012615997,0.19699439414943215
linear,ensemble,-0.02430174005926605,0.26469628196751405,0.2889980220267801
linear,security,0.05385905611457309,0.31995337040263866,0.26609431428806557
linear,selection,0.10362133064680328,0.4337745030396494,0.3301531723928461
linear,extra,-0.025944866025388664,0.2972528326952293,0.32319769872061793
linear,validations,0.19879961514342748,0.44133880898859496,0.24253919384516748
linear,str,-0.07625828490501403,0.04710622239131523,0.12336450729632926
linear,custom,-0.08411552329043229,0.05551194746197467,0.13962747075240695
linear,dependencies,0.09292074953213297,0.4127747537919131,0.3198540042597801
linear,fixtures,0.03061463442503035,0.31599476342838306,0.2853801290033527
query,path,0.03480813571653347,0.07199903209932822,0.03719089638279475
query,cluster,-0.10791683130719423,0.18975760747800618,0.2976744387852004
query,api,-0.1651185970235391,-0.10726928204877205,0.057849314974767044
query,body,-0.07088849595566249,-0.07115487660927819,-0.00026638065361569985
query,benchmarks,-0.03407636707490027,0.19405867562417098,0.22813504269907126
query,externals,-0.05777284152602287,0.23084654178902,0.2886193833150429
query,models,0.04645437363013596,0.08697636411068456,0.0405219904805486
query,app,-0.02535736472888271,0.04708581638135694,0.07244318111023965
query,array,-0.11841702267025055,0.04863799030790398,0.16705501297815453
query,ensemble,0.01574240344779529,0.10015589338771733,0.08441348993992204
query,security,0.06092827798354972,0.2798431939174814,0.2189149159339317
query,selection,0.06543469919713657,0.21489829303017374,0.14946359383303717
query,extra,-0.15466482471660356,0.09630127561033772,0.2509661003269413
query,validations,-0.028835998143816387,0.05561394900170475,0.08444994714552113
query,str,-0.11089343312577421,-0.024967106111357096,0.08592632701441712
query,custom,-0.04935622297583287,0.016748872042557164,0.06610509501839004
query,dependencies,0.12398886831961932,0.22004551423283938,0.09605664591322007
query,fixtures,0.06761280763686932,0.2503650001105851,0.18275219247371577
path,cluster,0.12942743239643054,0.21347475367456556,0.08404732127813502
path,api,-0.029562806944028523,0.11415049212856829,0.1437132990725968
path,body,-0.04477884970596911,-0.03486045981335872,0.009918389892610395
path,benchmarks,0.05687135651146888,0.2762705492913475,0.2193991927798786
path,externals,0.0064232833875955495,0.22745376770788822,0.22103048432029268
path,models,0.03607957631879348,0.10612081818482215,0.07004124186602867
path,app,0.04310842835925184,0.2253851890851463,0.18227676072589444
path,array,0.06799373340260192,0.13525368128821552,0.0672599478856136
path,ensemble,0.024514080371981963,0.1086573345637851,0.08414325419180313
path,security,-0.06353062334595118,0.02494555904215011,0.08847618238810129
path,selection,0.2560569423290725,0.3070862870997379,0.0510293447706654
path,extra,0.059732561279166964,0.2518711897231906,0.19213862844402366
path,validations,-0.05744902487145801,0.1446701094735171,0.2021191343449751
path,str,0.031385852738247275,0.07604315735360996,0.044657304615362686
path,custom,0.19513575202790667,0.23219561703355449,0.03705986500564781
path,dependencies,-0.02498478963545022,0.08372085354297328,0.10870564317842349
path,fixtures,-0.027907746458203236,0.06072117238043563,0.08862891883863887
cluster,api,-0.0022328705294298312,0.07023928556311768,0.07247215609254751
cluster,body,0.034080464421464014,0.02905554648057584,-0.005024917940888173
cluster,benchmarks,-0.07152103232680573,0.3500608039593807,0.42158183628618645
cluster,externals,0.04606934915345412,0.4849842672920621,0.438914918138608
cluster,models,-0.04547552606043179,0.2268645612690398,0.27234008732947157
cluster,app,0.010039151139681212,0.13943154640277713,0.12939239526309593
cluster,array,0.04309136272621864,0.11845288112406006,0.07536151839784141
cluster,ensemble,0.04378249815380989,0.3616111468745006,0.31782864872069067
cluster,security,-0.050458883584993806,0.32226434058370385,0.37272322416869763
cluster,selection,-0.046352455919326095,0.4033006062405689,0.449653062159895
cluster,extra,-0.01722348877225936,0.34556471825161633,0.3627882070238757
cluster,validations,-0.10830262146231913,0.259442830686489,0.3677454521488081
cluster,str,0.003265193842485167,0.2617303835790732,0.258465189736588
cluster,custom,-0.02193989387746192,0.22765162065517827,0.2495915145326402
cluster,dependencies,0.06945135447163626,0.4506754478931994,0.38122409342156316
cluster,fixtures,0.04940558727409094,0.4060853490238535,0.35667976174976257
api,body,-0.002886882633874693,0.017033989758683903,0.019920872392558596
api,benchmarks,0.1893138902856879,0.2625951878325389,0.07328129754685098
api,externals,0.1698775775527358,0.23269088020936418,0.06281330265662838
api,models,0.0458723592725478,0.1310175418695818,0.08514518259703402
api,app,-0.0008344923434892364,0.19280615075785715,0.19364064310134638
api,array,0.07433587635767883,0.12454321119509999,0.050207334837421166
api,ensemble,0.09354087469743386,0.17004746487309355,0.0765065901756597
api,security,-0.029030670870665562,0.03679330889582347,0.06582397976648903
api,selection,-0.006119806681085308,0.12449674806360027,0.1306165547446856
api,extra,-0.044846232912234475,0.045381012243678374,0.09022724515591285
api,validations,0.0026900468476430068,0.1936987921336226,0.19100874528597958
api,str,-0.04634940879789412,-0.008671152898514393,0.03767825589937973
api,custom,0.11861806082290895,0.15713005318573078,0.03851199236282184
api,dependencies,-0.023804023215506693,0.1754937809559555,0.1992978041714622
api,fixtures,-0.13313604961576336,-0.05435155476481601,0.07878449485094735
body,benchmarks,0.008625994389355322,0.002618306611527461,-0.0060076877778278606
body,externals,0.02271789837369393,0.025467338334973208,0.0027494399612792778
body,models,0.11810541434991464,0.2344373069114722,0.11633189256155754
body,app,-0.12792893555110685,-0.1081443113192214,0.019784624231885442
body,array,-0.04635508017257559,-0.050470914496151854,-0.004115834323576262
body,ensemble,-0.09479243059525187,-0.04855352801400009,0.04623890258125178
body,security,-0.013624247513180523,-0.028149223381697935,-0.014524975868517412
body,selection,-0.0423582952089756,-0.013382652313098148,0.02897564289587745
body,extra,0.027050006728687764,0.00797245325837316,-0.019077553470314604
body,validations,0.11492130965213383,0.21057688820106446,0.09565557854893063
body,str,-0.02238739572989331,-0.023529526031193453,-0.0011421303013001427
body,custom,0.0904960477118599,0.08723862019125252,-0.003257427520607384
body,dependencies,0.03231647808234414,0.045528773896596916,0.013212295814252775
body,fixtures,0.04820155568176953,0.03025980164848888,-0.01794175403328065
benchmarks,externals,-0.13033211801284408,0.3671494177745431,0.4974815357873872
benchmarks,models,0.09708253317440343,0.3014855258689821,0.20440299269457865
benchmarks,app,0.04555117161553371,0.2824629016422817,0.236911730026748
benchmarks,array,0.050764036695995246,0.25299388714831933,0.20222985045232408
benchmarks,ensemble,-0.04850267400488221,0.23551793247983083,0.28402060648471306
benchmarks,security,-0.07398067224992023,0.2744669143984231,0.3484475866483433
benchmarks,selection,0.06158721507139727,0.4417854249744197,0.38019820990302244
benchmarks,extra,0.1522718475085287,0.44788975159614713,0.29561790408761845
benchmarks,validations,-0.01383824763755666,0.23874176392673724,0.2525800115642939
benchmarks,str,-0.05555240052354296,0.19773860990567071,0.25329101042921365
benchmarks,custom,0.053735689428591006,0.2724297326369841,0.2186940432083931
benchmarks,dependencies,0.0010917457196305508,0.38732154525340895,0.3862297995337784
benchmarks,fixtures,-0.028180945133424482,0.23796581334574002,0.2661467584791645
externals,models,-0.03661343596137877,0.23674931563915094,0.2733627516005297
externals,app,0.05499140754497237,0.3043712715731408,0.24937986402816845
externals,array,-0.05694366202781604,0.18630940104066368,0.2432530630684797
externals,ensemble,0.09972436648614318,0.3963822086274537,0.2966578421413105
externals,security,0.07887522891046155,0.4094114682917969,0.33053623938133536
externals,selection,-0.08375983737535489,0.43546077986787274,0.5192206172432277
externals,extra,-0.06311045307675836,0.36501467946307237,0.42812513253983076
externals,validations,0.04386342673654752,0.3983915108461111,0.35452808410956355
externals,str,-0.01708087997434933,0.2453122461504499,0.2623931261247992
externals,custom,-0.07041522850604855,0.1351629827252077,0.20557821123125625
externals,dependencies,-0.11701523652277002,0.3794145273797413,0.4964297639025113
externals,fixtures,-0.03688662976490057,0.35186310305173246,0.38874973281663305
models,app,-0.056802336653595895,0.03374485665624582,0.0905471933098417
models,array,-0.2404062196751158,-0.17262352881022455,0.06778269086489125
models,ensemble,0.0005182464954212082,0.2383446852676569,0.2378264387722357
models,security,0.03596486661730137,0.12034789941829135,0.08438303280099
models,selection,0.0125610941981112,0.2769778929671763,0.2644167987690651
models,extra,-0.036408302087090026,0.1137678778916477,0.15017617997873772
models,validations,0.04718362667410689,0.2912520387434597,0.24406841206935279
models,str,0.12948170859557512,0.1722720985660002,0.042790389970425086
models,custom,0.0845826681514528,0.2297876538896823,0.14520498573822951
models,dependencies,0.030063319598423892,0.2739253740490296,0.24386205445060571
models,fixtures,-0.00645388246356252,0.13574815006108434,0.14220203252464686
app,array,0.09276700139446332,0.2632836832433878,0.1705166818489245
app,ensemble,0.004215792051690902,0.13507519702916,0.1308594049774691
app,security,-0.15233941806694531,-0.00024561751207827307,0.15209380055486704
app,selection,-0.021157701243805054,0.1606061392316666,0.18176384047547167
app,extra,-0.10812125094012857,0.1589074357094455,0.2670286866495741
app,validations,0.08655844664592331,0.25650227420588956,0.16994382755996623
app,str,-0.09316020434200799,-0.030671734760609127,0.062488469581398864
app,custom,-0.03279329165388605,0.031872742437649586,0.06466603409153564
app,dependencies,0.09185085172091638,0.27364000679582695,0.18178915507491056
app,fixtures,-0.015799938659964936,0.07265781563087688,0.08845775429084182
array,ensemble,-0.2247774394591111,-0.13238255021263481,0.09239488924647629
array,security,0.10542589679525428,0.2739523972780622,0.16852650048280793
array,selection,0.1948235010786962,0.24709229933919405,0.05226879826049785
array,extra,0.07432675392575554,0.2793557044726923,0.20502895054693676
array,validations,0.03995002396689054,0.11389011829194602,0.07394009432505548
array,str,-0.04695103882607154,0.02468877165041389,0.07163981047648543
array,custom,-0.0816785719265132,-0.018497326590834796,0.06318124533567841
array,dependencies,-0.05908149888201566,0.06475101582706583,0.12383251470908149
array,fixtures,-0.054595462608270064,0.041680028727534374,0.09627549133580443
ensemble,security,-0.06159854435777083,0.11647212737087645,0.17807067172864727
ensemble,selection,-0.04608307584782599,0.3008425889422693,0.3469256647900953
ensemble,extra,0.10322190633798999,0.2531922205770233,0.1499703142390333
ensemble,validations,0.1497676610479368,0.40540236451669676,0.25563470346875994
ensemble,str,-0.09429521355105512,0.03515606301378679,0.1294512765648419
ensemble,custom,-0.07654972890252755,0.0394595546259181,0.11600928352844565
ensemble,dependencies,0.040962917855088196,0.34375899340820576,0.30279607555311755
ensemble,fixtures,0.021796570588769125,0.18642912559481456,0.16463255500604543
security,selection,-0.024221174761082723,0.3542815814202309,0.3785027561813136
security,extra,-0.11185354044256811,0.23067961320116648,0.3425331536437346
security,validations,-0.08234902105669903,0.10816862300534169,0.19051764406204072
security,str,-0.004986079928299473,0.23087938787455292,0.2358654678028524
security,custom,-0.005166327377440966,0.20914901180809672,0.2143153391855377
security,dependencies,-0.004342692869291327,0.3179257930405882,0.32226848590987955
security,fixtures,0.10527566234423363,0.3954510303022211,0.2901753679579875
selection,extra,-0.041358741550072714,0.33838751682161133,0.3797462583716841
selection,validations,0.05595764581960593,0.38522101296922934,0.3292633671496234
selection,str,-0.18650644523468046,0.1308090097690903,0.3173154550037708
selection,custom,0.13809406693895415,0.34007590492940354,0.2019818379904494
selection,dependencies,0.08742598315294502,0.45661714893745,0.36919116578450495
selection,fixtures,-0.05173170161961584,0.326340249499407,0.3780719511190228
extra,validations,-0.07700855982742925,0.22824542431119973,0.305253984138629
extra,str,0.01202594587032728,0.2202310893990476,0.2082051435287203
extra,custom,0.01658763891866292,0.1562704577091063,0.1396828187904434
extra,dependencies,-0.09900952269647806,0.1905370237118901,0.2895465464083682
extra,fixtures,0.05916264128036581,0.3238979886061287,0.26473534732576287
validations,str,-0.1640124741723105,0.06083913017862636,0.22485160435093685
validations,custom,-0.0904938705234173,0.14733376781093713,0.23782763833435444
validations,dependencies,-0.040653933224943234,0.3237667341867466,0.3644206674116899
validations,fixtures,0.013187872421444024,0.19447439640878655,0.18128652398734252
str,custom,0.022530377638992585,0.21118173935247744,0.18865136171348484
str,dependencies,0.025076929215837363,0.17643986076638288,0.1513629315505455
str,fixtures,0.022103236299678294,0.26648704081776636,0.24438380451808805
custom,dependencies,0.14936618002617644,0.28273372562223914,0.1333675455960627
custom,fixtures,0.1381673019968133,0.34360220256483137,0.20543490056801808
dependencies,fixtures,0.04693689976175389,0.35006378870915045,0.30312688894739653
